id,kind,text,label,prob,llm_cat,llm_reason,"人工判定(1=实为音质负面,0=实为非音质,留空=不确定)",人工备注
0,fp,"Bought this based on other reviews. Works great. The only thing is that the audio sounds kinda distorted. Maybe it was the XviD quality of the DVD rip - not sure but the 5.1 audio output ""was not happening"".",0,0.9864,fp_label_noise,文本明确提到音频失真且5.1输出未生效，实为音质负面，标注存疑。,,
1,fp,"We originally purchased a first generation Alexa when they came out. It is a great device that we still use in another part of the house now that we have this newer generation version. Aside from it being a little shorter and more stout, it's otherwise no different whatsoever from the first generation. The one exception to that is the sound. The bass is just slightly better on the new device, but not a lot to make an impact. Sound is still dull, with no defining highs or lows, just more a blarin",0,0.9895,fp_label_noise,文本明确说声音沉闷、无高音低音，实为音质负面，标注存疑。,,
2,fp,"Solidly built, quality-crafted, and excellent 5-star functionality. The problem is, especially for a player and brand as good as this, the sound quality is disappointing enough (without being awful) to be distracting. The cheap player that comes with an ebook subscription has superior sound, for example. I wanted to get rid of the wires, but for this reason I'll go back to the cheap player. For the price, pass. I got it on sale in a box store for $35. I'll keep it, but I'm not using it. Don't pa",0,0.9871,fp_label_noise,文本明确说音质令人失望且分散注意力，实为音质负面，标注存疑。,,
4,fp,"Good for wearing out or at work, good for the price, don't buy for the sound. The ""power bass"" is nominal.",0,0.9844,fp_label_noise,文本明确说不要为声音购买，低音名不副实，实为音质负面，标注存疑。,,
8,fp,"These are overall perfectly okay earbuds, but they certainly don't outcompete some of the similar ones on the market.<br /><br />I have a set of Bose earbuds, and a Jabra set that I like better.<br /><br />When I think about beats studio buds, I think about sound quality, and particularly I think about Dr. Dre, and playing some music with a thumping beat. Well, the sound quality on this was not great for listening to music. It's perfectly fine for a podcast, but music felt muted and unexciting t",0,0.9823,fp_label_noise,文本明确说音乐听起来沉闷无趣，实为音质负面，标注存疑。,,
25,fp,"The sound is mediocre. I bought a lesser priced one after and it has mass bass and great loud volume. This one is bigger in size, A few bucks more and the sound is mediocre. Flat bass. Sound says 30 but sounds like 15. Remote control turns my smart TV ‘input’ from smart tv to live tv.<br />I won’t send it back I’ll gift it to a kid.",0,0.9901,fp_label_noise,文本明确说声音平庸、低音平淡，实为音质负面，标注存疑。,,
27,fp,"I've used this Bluetooth for close to three years. It worked very well for a long time, but recently the sound quality is beginning to wane, making it hard to hear. It fades in and out from moderately good sound to really poor sound.",0,0.9896,fp_label_noise,文本明确说音质开始变差、难以听清，实为音质负面，标注存疑。,,
35,fp,Terrible sound,0,0.9789,fp_label_noise,'Terrible sound'是明确音质负面，标注为正常存疑。,,
44,fp,The bass isn't enough for these ear pieces.,0,0.9867,fp_label_noise,'The bass isn't enough'是明确音质负面，标注为正常存疑。,,
48,fp,I've been using these for 2 weeks now.<br />They are EXAXTLY what I wanted with one small exception. The bass.  That's my ONLY complaint.  When it comes to bass there isnt any at all.  Now to be fair this is my first in ear ear buds like this.  I also understand it's an extremely small speaker so my hopes wasnt high to begin with.  No the bass is there and when a hard rap beat hits it doesnt preform.  But I'm happy with that because the rest is PERFECT!<br /><br />The battery last for ever.  I u,0,0.9817,fp_label_noise,明确抱怨无低音，但整体正面，标注为正常可能因整体满意度高。,,
58,fp,I like everything about the Echo Show 5 except the sound quality.  I sent the first one back and had Amazon send another. The sound quality is the same. The sound has to much Bass and too muffled. Echo Dot has a crisp sound and easily understandable. It’s hard to understand the Echo Show 5. Very disappointing.,0,0.9884,fp_label_noise,明确抱怨音质闷和低音过多，是音质负面，标注为正常存疑。,,
69,fp,I am blown away at the sound coming from this tiny inexpensive speaker. It rivals my JBL dock and my Bose dock. I am a stickler for sound quality & you really have to depend on the reviews for these items. You won’t be disappointed.,0,0.9761,fp_label_noise,文本实为强烈正面音质评价，模型误报为负面。,,
93,fn,"Software is way out dated.  Item still works though, just be sure to re-encode your video files after ripping.  Extension cable is cheap and doesn't work well, caused a lot of audio and video errors.  Once I removed it, all issues were fixed.",1,0.0249,fn_label_noise,主要抱怨软件过时和线缆问题，音质非核心，标注为音质负面存疑。,,
107,fn,"I purchased this camera to use with my HB chromebook 360x. The specifications say it works with chrome OS, and the camera itself does but the built in microphone doesn't. On zoom calls, hangouts calls, etc. everyone kept telling me ""I can't understand you, you sound like a robot!"" I called tech support and they told me it's a hardware issue and instructed me to return it. Except the second one had the same issues!<br /><br />I called tech support again and (after 30 minutes of being transferred ",1,0.0358,fn_label_noise,主要问题是麦克风硬件故障导致通话声音像机器人，非音质差评，标注存疑。,,
110,fn,"I had to return this laptop three different times for replacements for numerous problems. I am extremely disappointed in this laptop as it has amazing specs for the price but has way too many defects. 3/3 laptops with defects? Not very good statistics. I WILL note that Amazon was excellent in returning and shipping out the replacement laptops.<br /><br />All three laptops had issues with a strange low crackling/clicking noise coming out of the computer on the side where the fan was. Yes, I downl",1,0.0183,fn_label_noise,主要抱怨是笔记本电脑多次缺陷和风扇异响，非音频设备音质问题，标注存疑。,,
116,fn,"0 stars... Got it today and not only is the computer making a weird buzzing sound but the battery won't charge.  After spending an hour on the phone with Dell running diagnostics, they determined that the battery needs to be replaced.",1,0.0889,fn_label_noise,抱怨电脑嗡嗡声和电池问题，非音频播放设备音质评价，标注存疑。,,
