text,rating,期望标签,类别
These were my first pair of Bluetooth headphones and honestly I wasn't impressed. They didn't work very well and the sound was muffled. Wouldn't spend your money on these.,2,1,耳机（提到声音）
These caught my attention because of the cool led inside the charging case. Practical use though they kind of fell short. The sound wasn’t at all what I had hoped. I just needed enough volume to drown out the gyms sound system. But even outside without music blaring it was still oddly hard to hear. The ear hooks were a little too weak for my liking. I prefer something a bit more ridged since I’m using these as gym headphones. Over these weren’t terrible they were just ok. For my use (gym sessions) it didn’t quite fit the bill. But I think if you need a pair to have laying around as a backup these are priced right and a decent choice.,3,1,耳机（提到声音）
"no major problems so far, but the left ear is a bit quieter than the right, and the over-all sound quality is poor. I had no trouble setting it up, they are comfortable and easy to use, but at the end of the day, they just don't sound good. I understand not being able to produce a heavy bass in a wireless earbud, but every bass track on pop & rock songs i have listened to so far has either been muffled to the point of being inaudible, or just produced a crackly static.<br /><br />TL:DR : good physical design, crap audio.<br /><br />UPDATE: Customer service contacted me and said my pair seems to be defective and offered to send me an updated pair. changed from 2 star to 3 for good customer service",3,1,耳机（提到声音）
"These headphones have a substandard sound,  bass, and spatial field.  The bass is not only recessed and somewhat muddy, it sits in the middle while the treble is in outer space at the edges and the sound is neither clear,  pleasant nor coordinated. Also the earcups are just a little small and they're not as comfortable or well-made as, say, Anker. For wireless headphones these don't sound good.  For Sony they're worse. For the price they're horrible.<br /><br />For a fraction of the price you can get Boltune, Mpow or any number of brands that are better built,  more comfortable,  and sound *much* better.<br /><br />I like the Mpow 059/059+ myself.",1,1,耳机（提到声音）
"For the price I paid I didn't have high expectations, but I did expect them to work.  To be completely honest, I feel like I was duped into ordering these because of the good comments.  I can only get them to work with 1 tablet and my laptop, but not either of my cell phones.  The right ear is very very quiet,  I'd say about 10-20% the volume of the left side.<br /><br />Also there is an issue with audio skipping and lagging.<br /><br />The one plus, I would say, is that they are comfortable in my ears (and I have problems finding earbuds that fit comfortably)",2,1,耳机（提到声音）
"I definitely prefer to use Bluetooth earbuds any day over wired, but sometimes it can't be helped.  Such as times when my Bluetooth earbuds weren't charged.  The sound of these is o.k. but not what you'd be getting from a high end pair.  I teach classical guitar so my acid test for any earbud is playing that and seeing how it sounds.  I'm doing it now and the trebles come through o.k. but the bass is pretty weak.  These will be good to keep a pair in my car or purse for those times when my Bluetooths won't work for whatever reasons.  The volume doesn't work so it has to be adjusted on the device they're plugged into.  They come with extra earbud covers and they feel fine in my female ears the way they are.  I don't know what these cost as of this review but I wouldn't want to pay more than $15.00 for them.",3,1,耳机（提到声音）
I STRONGLY recommend NOT buying this.  The microphone sounds like there is a bad ground.  Nothing but a loud hum/buzz.  The headset itself is comfortable and sound quality is good.  The mic though... unusable.,1,1,耳机（提到声音）
"After 4 months of careful use, only one speaker works. Apparently the connection of the cord to the headset is flimsy and there was static from day one. But now only one speaker works and that is very irritating.",2,1,耳机（提到声音）
"I wear a headset for the better part of a day. I like to use headsets rather than the phone handset because it keeps my hands free.<br /><br />These definitely do the job with noise cancelling and the volume control works very well. I've been told once or twice that people have trouble hearing me at times, but since I don't know if that's the headset or their phones, I deducted a single star.<br /><br />My only complaint is the clip that puts the volume control and mute button together is very difficult to hook onto anything other than very thin fabric. I have to struggle to get it on and off my jacket during the day. My suggestion to the manufacturer, make the clip easier to slide fabric into or make it a clip that opens.",5,0,耳机（提到声音）
Decent audio but not great for critical listening. They aren't noise canceling and they don't isolate much better than any rubber buds. I enjoy the battery life and case with extra battery. Also the wireless charging.,3,0,耳机（提到声音）
So love this headset! Easy to put on. Sound quality is excellent and super easy to charge when dead. Totally recommend buying,5,0,耳机（提到声音）
"I'm a software developer who works in a cubicle world with the heating system droning on above the ceiling (we're on the top floor of an office building - the HVAC is on the roof).  These headphones provide an oasis of silence!  The noise cancellation *seems* to be a cut above the others I've tried (Beats Studio at Target and a Sony set at Costco) although it's not really fair to compare as I didn't try the Bose under the same condition as the others (i.e. in a noisy store).<br /><br />How good is it?  The droning AC noise is completely gone.  Voices I can still hear - until I play music.  Even at low/moderate playback volume, voices are barely audible.  People have to pat me on the back if they want my attention.<br /><br />Comfort is excellent.  I wear them on-and-off all day without problems.  I imagine people with big ears might be less comfortable.<br /><br />Power: the headphones use a single AAA battery.  Keeping in mind that I maybe play music for 2-3 hours every day, the battery seems to last 2-3 weeks.  As others have noted, these headphones will not work (i.e. play music) without power.<br /><br />My one nitpick (and the reason I can't give it 5 stars) is the god-awful chord.  It's some cheap plasticky material that I continually have to unravel by dangling the headphones by the plug end and letting the headphones rotate.  It's really quite pathetic to put such cheap cr$p on $300 headphones - shame on Bose for not correcting this.  Is it really going to affect your profitability so much you can't do something like the $20 Apple headphones that come with every iPhone (they're more rubberized and don't seem to get raveled).<br /><br />Update for iPhone/iPad/iPod users: with iOS 7, Apple introduced a new way to invoke Siri (Apple's voice assistant) - instead of holding down the home button (or center button on the headphones) until you hear the Siri confirmation sound and then asking Siri your question and then waiting for Siri to accept your input, with iOS 7, you can keep the button pressed until you're finished talking - and avoid the delay Siri normally waits to know you're done with talking.  It's a very useful feature.....and, it doesn't work with the Bose inline chord button :-(  Not really Bose's fault, I guess, but I thought it worth mentioning.",4,0,耳机（提到声音）
Good headphones for the money.  Sound is not as good as an expensive pair but they are nice in that they fold.  They have been pretty durable my son used them for school and then were brought back home and we have used them around.  They are light/plastic so quality is what you would expect in this price range.,4,0,耳机（提到声音）
"Pros:<br />- sound quality is good<br />- my coworkers can hear me well on conference calls<br />- the price is affordable<br /><br />Cons:<br />- I have to charge them multiple times throughout the day<br />- putting them in and taking them out can both cause random things on my phone to start playing, even if no apps were open (I hate this!)<br />- they fall out of my ears relatively easily and it’s hard to adjust them without affecting whatever I’m listening to<br />- I have yet to figure out how to adjust volume from them",3,0,耳机（提到声音）
"A few things I am not too happy about:  First, the earbud is hard and not at all pliable or flexible which makes it not only uncomfortable in the ear, but the buds tend to slowly slide out of the ear and can easily fall out at that point.  They are difficult to remove from the case - bad design in my opinion.<br /><br />The sound is great.  The instructions are so tiny - not small, but TINY - that they are impossible to read without a magnifier.",2,0,耳机（提到声音）
"I like listening to music while I am reading.  I bought a green Kindle cover and these earphones go nicely with it.  The sound is good, they are comfortable and portable.  You can't beat these for the price!",5,0,耳机（提到声音）
"I think I have finally found an above average headset. The sound quality is pretty great but what I love the most is how long a full charge lasts. I clocked it at 25 hours of straight music. Yep, even when I slept. I  can’t sleep without music but my husband needs silence. I usual put in my earbuds but those were constantly falling out and getting lost. I didn’t think I could sleep with big headphones on and have tried a few times with no luck. I can not believe how comfortable these are. I couldn’t even tell I had them on. This was so simple to pair and I have these paired to six separate devices and they work great. The functions are easy to use and the noise canceling is 100% effective. I love these and they are my number one choice in my Bluetooth devices.",5,0,耳机（提到声音）
"These are ok. My daughter is 6 and they look very bulky on her. She said they are too big for her - they seem wide making them a bit bulky. She picked them out because she liked the color and the pony on them, the style and material quality isnt the greatest, but the sound quality is pretty good.<br /><br />Please let me know if you have any questions about my review, or if you have found it of any help to you.",2,0,耳机（提到声音）
"My daughter says they’re perfect. Retractable, comfortable, noise canceling, surround sound, and you’re able to change to the next song by clicking a side button. She absolutely loves the style as well! Great quality at a great price!",5,0,耳机（提到声音）
"I bought these to see what all the fuss was about. While aimlessly wandering the internet, I came across talk about KZ ATE's. I paraphrase one review that kept popping up in all the sources; I read, &#34;these $15 earphones feel and sound like $50+ ones.&#34; At first I was skeptical as I own a pair of Bose QuietComfort i20's (the noise canceling earphones at $323.98, (CA tax included)), and wanted to compare the two. To my surprise, they are as the internet (collectively) said it does sound like a more expensive pair of earphones. The sound quality on these KZ's are quiet nice and hold a better base than my beloved Bose do but, for me, they do tend to fall out when not in a stationary position, i.e. walking around, running, biking, etc. They look like they cost more also, feels expensive and have a reassuring weight to them. Overall, these are a good buy and well worth it compared to more expensive earphones. (I also recommend the Bose, noise cancelation is worth it when the world gets a bit too overwhelming and all you want is some peace & quiet.. and music.)",5,0,耳机（提到声音）
"Great headphones for the price. You can obviously get better sounding headphones, but you will probably pay a lot more for them. I'm not an audiophile but I do enjoy listening to music. These will give you a solid performance and let you enjoy your listening experience.  5 stars overall for quality and price.",5,0,耳机（未提声音）
Seem like nice covers for AirPods.  They can fit other wireless earbuds too<br /><br />Silicone feeling material is nice and looks like it’ll do a good job.<br /><br />Overall I think they’re nice,5,0,耳机（未提声音）
Headphones only lasted a couple of months before they stopped working.,2,0,耳机（未提声音）
"Acquired this for use with my Samsung Galaxy S22 Ultra and it works as expected. No complaints, allows me to use my around ear studio headphones on my mobile device.",5,0,耳机（未提声音）
"The cord that came with the original headset had a slightly too large micro USB head needing it to be forced into the charge slot. This one worked correctly. I was sent one as a replacement. I would not buy one otherwise, since the original should have fit correctly.",5,0,耳机（未提声音）
I just bought these wonders yesterday. I choose the earbuds so I can use them in more places like the gym and yard work instead of only on airplanes. They were wonderful at the gym today to block out all the noise from the treadmills and other devices of torture. So far I love them and they really are wonderful for canceling out noise and are wonderful size.,5,0,耳机（未提声音）
"I really like this headphone headset because I forget that I'm wearing it.  It fits snug, but with light soft rubber that wraps around your ears and the back of your head.  I love it for running because all the 'in ear' devises get too sweaty for in the ears.  This rest outside of you front earlobe by your face.  You also can actually use this for lap swimming too.  It stays in place and there is nothing to fall out of your ears and no wires.<br /><br />To Use: Easy download of your playlist.<br /><br />Trust you found this review honest and helpful:-)",5,0,耳机（未提声音）
"I had to swap to the marshmallow earbuds for them to stay in my ears while I worked out. Sometimes the side with the buttons gets caught on my shoulder and pushes out of my ear, so that's a little annoying.<br /><br />The battery lasts for about a week of gym use. (2 hours a day, so 14, 15 hours)<br /><br />I like the accessories it came with--lots of different options cuz everyone is special and ears are snowflakes.",5,0,耳机（未提声音）
Perfect....just what I needed to run my Bose system and headphones off TV,5,0,耳机（未提声音）
With the new iPad Pro and Air Pods the boy just wanted his big headphones to use. So along comes this little gadget to help.,5,0,耳机（未提声音）
"If you have an iPhone, you know you can either charge your phone or listen to music but not both at the same time. This will allow you to do both at the same time",5,0,耳机（未提声音）
"I'd like to recommend this headset after I had a trip to Austin with it, the ANC feature was impressive. Also, it is light, comfortable and not expensive. You will get much more than you paid for!",5,0,耳机（未提声音）
"What can I say? It's been a long time since headphones sounded this clear! Noise cancellation, stellar! And up to 15 hours of power out of the buds when they are fully charged! Bluetooth 5.2, plus $5 off coupon at checkout and I used a $10 gift card from Amazon that I earned , ended up paying $34 for these over $50 headphones!!!",5,0,耳机（未提声音）
"The round part of the buds combined with short tip stems and cheap rubber tips prevents the tips from going far enough into the ear to hold properly during exercise.  You can fix this by upgrading to the firmer foam tips, but then the buds won't fit in the case so you have to take the tips off every time you want to put them away.<br /><br />Might be okay if you have smaller ears but I don't recommend if you're a bigger fella like me.  If there was room in the case for higher quality tips, I would have rated 4 stars.",2,0,耳机（未提声音）
"These are a powerful little pair of earbuds that are extremely comfortable and high quality. Because they have different sizes to choose from, you don't have to worry about the discomfort of extra pressure or too little security while enjoying your favorite music and programs! Sennheiser is an excellent brand for a durable, long-lasting purchase that you will not ever regret and these are well worth the buy. Just connect and GO!",5,0,耳机（未提声音）
"I like these for their speed.  I like them for their dependability.  And I really like them for the fact that they are one piece with an extrudable-intrudable USB male port, thus sparing my the problem of misplacing caps.  Other people may not have this problem - I do.",5,0,耳机（未提声音）
One of the ear buds keep going out. Charging is ok. Used it once and realized one of the ear budz short out dont care for it anymore,2,0,耳机（未提声音）
I definitely went by these. They seem to wear out easy,1,0,耳机（未提声音）
"They were great until after about 2 minths, the left ear stopped working. Then a week after that, the headphones would make my calls drop and control other apps on phon.e",1,0,耳机（未提声音）
These are very cute and actually do work. I'm unsure as to how long they'll work. The first one I tried broke due to it being so thin. They are very cute though and the second one has worked. They stick rather well too! I was just disappointed that I lost the first one.,3,0,耳机（未提声音）
JBL is my favorite brand of headphones. They usually last a long time and when they go bad I just buy another pair. I was a little worried because of the reviews but I've had these headphones for a while and they've worked excellently.,5,0,耳机（未提声音）
"These work great for my sensitive 9 year old who doesn't like her whole ear covered, but can't handle earbuds. These fit softly over the ears, but don't wrap around the whole ear.",5,0,耳机（未提声音）
Each side clicks slightly as it slides up and down to adjust head sizes but it’s very easy for them to slide and makes it annoying to be constantly adjusting them.,3,0,耳机（未提声音）
"I was a little skeptical because I haven't exactly been sold on wireless ear buds. I have these inexpensive Amazon basic ear buds that have been solid for me for almost a year now and I also already have a fitbit that I like very much that fits my admittedly modest fitness needs. That said, I was curious about this item so I wanted to try it out and I was pleasantly surprised and impressed by Jabra Elite Sport True-Wireless Bluetooth Stereo Earbuds. They were well packaged. I like that it has a selection of earbuds (small, medium, and large). They are comfortable to wear and they stayed put as well. App was easy to install on my iPhone and set up and so far, it is registering good readings. Bonus is that not only did the earbuds pick up as accessible for my iPhone, it also paired with my PC so I like that flexibility. It is on the pricey side (for me, anyway) and that is probably the main drawback so far that I can see for someone with my budget. Yet, now that I have tried it, it is a really nice to have item and I think for someone who is more serious and 'elite' with his/her fitness goals, he/she would probably find more pertinent use for it.",4,0,耳机（未提声音）
"Disclaimer: I am NOT a Vine Reviewer.<br /><br />Intended use: to listen to music while on an airplane<br /><br />Shipping: It was well packaged in the manufacturers container and was undamaged.<br /><br />Pro's: For the price they are great! They even come with two other set of earbuds for smaller, or larger than normal ear canals. I find that very nice since if you lose one you can replace it with one of the backups even if it doesn't fit correctly.<br /><br />Con's: none<br /><br />Conclusion: I'm glad I bought them and recommend them for it's intended use,",5,0,耳机（未提声音）
"My husband has been wanted a truly wireless set of buds for some time. He now has them. He doesn't wear his buds for long periods like I do, so the up to 5 hours that it can last before you put it in the charging container to recharge the buds, is perfect for him. He also like the noise cancellation.",4,0,耳机（未提声音）
"After testing many different wireless earphones, I have to admit that these TOZO are an excellent balance of quality and value. Pairing between left and right earphones (a nightmare with other models) is very smooth and intuitive. Buy with confidence knowing that the company will back your purchase for 12 months.",5,0,耳机（未提声音）
Purchased for my wireless Bose head set.  This clip will not hold the thick headset wire.  I tried it for about 5 minutes and moved and the clip broke!  I had to reorder the correct more solid clip to hold my Bose set.  Shipping was fast.  Price looked great.  Ended up giving them to my Grandaughter for her inexpensive thin wire headset.,1,0,耳机（未提声音）
I have small ear canals.  They are comfortable.,4,0,耳机（未提声音）
comfortable in the ear... I bought these to use as a handsfree option that doesn't have to be charged.  I will update if there are any wear/use issues.,4,0,耳机（未提声音）
[[VIDEOID:ce3b26640bd2dea1adb2197fcb81dbf5]] These are cool the way they sit in your ear<br /><br />I like the design and think it’s nice.  It slips on your ear versus just sitting inside it<br /><br />Overall I think they’re nice and I like the charging case.  Seems straightforward to use as well,5,0,耳机（未提声音）
Not sure why thickness is an option for coverage lol. They have not failed me yet.,5,0,耳机（未提声音）
"The Apple AirPods Pro are a definite step up from the regular AirPods, stay in your ears well (the Beats Fit Pro does slightly better here, but the microphone is not as good as on the AirPods Pro), have good noise cancellation (Bose and Sony might be a tad better, but these are very good), and excellent microphone pickup.  If you are going to be in a loot of phone calls, eMeetings (Zoom, Webex, Facetime, etc.) these are very much the ones to get.  About the only thing these are not good for would be high head movement activities (athletics), there the Beats Fit Pro does better, but these are on a par or better than the competitive Sony or Bose variants (which are larger, so easier to dislodge).  Also, once paired with Apple devices, you can just move them around to be used with whatever you happen to be doing, iPad or iPhone or MacBook, they autoswitch, don't have to be re-paired, and also handle Siri commands.",5,0,耳机（未提声音）
This is definitely a universal case. It fit my Panasonic headphones just right. And fit in my luggage well.,5,0,耳机（未提声音）
"I was very happy to find these replacement earpads for my Sennheiser headphones. I use them incessantly to watch TV without disturbing my husband, and vice versa for him.<br /><br />They are quite good quality, but frankly, I could not myself load them onto the headphone. I had to get my husband to help with the task, and he struggled with them, too. It's a tight fit.<br /><br />But all's well that ends well. They are on now and they work great. Very comfortable.",5,0,耳机（未提声音）
I bought them for a friend in rehabilitation center and she has loved using them when she's has to change rooms and have roommates. No issues with them whatsoever.,5,0,耳机（未提声音）
"Awesome headphones! Multiple cool features. Easy to use. Everything works perfectly. Buttons are very responsive which makes it easy to: take phone calls, skip songs, pause, and change to voice command. I have an iPhone 8, and they immediately synced, no issues. I’ve charged my case once, and it’s been charging my headphones for a week straight. I’ve already used them to take a phone call, and even tested their water proof ability. I was able to shower and listen to an audiobook, very clear, no breaks in connection. Once again, awesome headphones!",5,0,耳机（未提声音）
"The sounds quality is very nice, and the gestures make it easy to control your music. The only problem is that these are so top heavy that they will not stay in your ears laying down,..forget moving around. Whoever designed this did a very bad job. It is too thick to anchor in your ears, even when changing the ear cuff portion. Overall, I would highly recommend you skip these until they redesign these. Very disappointed.",1,0,耳机（未提声音）
These ear buds are amazing...definitely will recommend,5,0,耳机（未提声音）
These were easy to install and are just like the original ear pads. Just pull the originals off and snap the replacements on. I would buy again if needed in the future.,5,0,耳机（未提声音）
They’re okay.  Made of plastic will work for most situations.  They will degrade in the California sun in a few months.  I need something tougher.,3,0,耳机（未提声音）
They work fine but are uncomfortable on my ears.,3,0,耳机（未提声音）
These earbuds were fine. They were lightweight. They were comfortable for my daughter.  The quality was fine. They stayed in okay. They are plain so they would work for anyone. I like that they are Microphone and Call Controller Compatible. I would recommend them.,5,0,耳机（未提声音）
Great until they stopped working a month later cutting out one ear or both entirely with all headphones.,2,0,耳机（未提声音）
"Great.  Now I can use the headphones I actually like with my work phone, and get around Apple's proprietary nonsense (and avoid giving them any money).  Note that you can get some like this that allow for a charger cable pass through, but they are bigger and uglier.  This is nice, small, and simple.",5,0,耳机（未提声音）
"These would be great, if they fit. The tips aren't long enough to make contact.",1,0,耳机（未提声音）
"I wasn't quite sure if I would like these and I'm still debating that. I have small ears, so even with the  smallest buds they are a bit uncomfortable.  Takes a bit of getting used to as well with no wires. These are well made. Love the charging station. There is a definite left and right ear, so you have to be aware of that as there are different functions for each bud.  The biggest problem I have is that the phone activity is in the left ear and I am partially deaf there, so I can't really hear on the phone. If I switch the buds then that comfort thing comes into play.  Just something to be aware of if you have any hearing loss.",4,0,耳机（未提声音）
I wear them while doing yard work and half the time I can't hear the music.,3,0,耳机（未提声音）
Good headphones but still too large for my 12 year old's ears.  I wish they'd make them more kid sized.,4,0,耳机（未提声音）
Both of the ear buds were broken. I bought these as spares. So they sat in a drawer for a few months. When I opened the pack on 11-7-19 one of the jacks was bent in a C shape. The other ear bud ear piece had come apart exposing the wires. All the rubber ear covers were cracked or had glue exposed on the outside. Total rubbish and a waste of my money. Of course the return deadline ended 3 weeks ago.,1,0,耳机（未提声音）
"When placed in the case and it's closed, it squishes the headphones. Not my favorite part of it but it does what it's suppose to do!",4,0,耳机（未提声音）
These are used daily for The Listening Program and they work great. These are one of the headphones they recommend to use. Both are working fantastic!,5,0,耳机（未提声音）
Did the trick and now I can use my headphones.,5,0,耳机（未提声音）
"Well, I really tried to make these work and when they did work they were good.  However, the key word here is &#34;when&#34;.  The device does not work the way the instructions tell you they do.  For example, the charging LED light is supposed to be Red then change to Blue - no go.. .I have no idea whether they are charging or not.<br /><br />I had to play around for an hour to get them to pair.  Part of the problem is either the instructions are wrong or the headphones do now work as designed.  Either way, it was very frustrating to get them to pair.  I finally go that to happen and got about 2 hours worth of listening in and then they died.  Of course, as stated above, I have no idea if they are charging properly or not.<br /><br />I truly gave them a chance.  I even put them down then came back later after I relaxed (they will frustrate the hell out of you - because you want them to work).  So, my overall recommendation - NO GO.. Don't buy them.Too frustrating and hard for not enough substance.  I would have given one start but added one because they do look nice and the case is nice but, of course, that has very little to do with what they are supposed to actually do.<br /><br />OK, I am coming back to this review and upgraded 1 notch.  I need a pair of headphones for &#34;knock around&#34; the house and these are serving that purpose.  I have a pair of SENN HD650s for serious listening and I just received (soon to rate) a pair of SENN PXC 550 for travel.  Not fair to compare them given the price however when I travel and when I do serious listening I do need great headpones.  The Symphonized work as those I wear when I am walking around the house, doing chores etc. etc.  The downfall of these continue to be (after using for months):<br /><br />1. Instructions are horrible.  You have to just &#34;figure them out&#34;.<br />2. LED light does not work as described.  Not sure if they are fully charged or not.<br />3. Tough to pair with the phone.  Note, once i figured out you have to keep the button pressed forever they do pair.<br /><br />Again, not a &#34;go out and prime time&#34; headphone but good for around the house.",3,0,耳机（未提声音）
"So far so good after a couple weeks. We've had no issues with this headset as we've had with others on Amazon. My son uses it on PS4+ and I use it for voiceover work with my converter box. Working great, as of yet! We will see if it makes it past the month. Inexpensive, mailed pretty quickly. Good service.",5,0,耳机（未提声音）
"Like the headset and the color, but the pods fall out of my ears too easily.",4,0,耳机（未提声音）
These are great! I like the color and they send different bud sizes to fit inside your ears comfortably. Great product for a reasonable price.,3,0,耳机（未提声音）
New pair defective with tear already in new ear cup. I will update review pending how this is taken care of,1,0,耳机（未提声音）
"I really wanted rose gold headphones and I am pleasantly surprised by these! I love that they fold up so they can fit well into purses or totes. I love these! They're extremely comfortable, too!",5,0,耳机（未提声音）
Works like it should but the cord is very stiff. I bought it to extend the cord length on my ear buds and the cord is too stiff and will not lay down well and is not flexible enough to be comfortable moving around.,3,0,耳机（未提声音）
"They did refund me for my broken headset that quit working after a very short time. Nothing necessarily bad to say about this protection plan. Although, I feel like the redeeming your warranty process could’ve been easier. Maybe that’s just me though.",5,0,耳机（未提声音）
Bought these for my wife just before the next generation was announced. #appleProducts<br />She didn't care that they were the prior generation when she received them. Occasionally has problems with asymmetric charging. But seems otherwise very happy with her headphones.,5,0,耳机（未提声音）
"Even with earbuds placed in their sockets, which is a pain, the wires are still all over the place. Plus has outdated usb-b connector. Not using. Got a better LG set.",2,0,耳机（未提声音）
This does a great job at limiting what others hear but does not cancel well what the wearer hears. Seems to hold a charge well.,5,0,耳机（未提声音）
"I don't normally wear a gaming headset, but I tried one and it was convenient.  Handsfree does have it's advantages.  As far as the quality goes, it isn't a $500 Sennheiser headset.  But it isn't a $10 no-name one either.",4,0,耳机（未提声音）
These earphones are very nice & look comfortable BUT they do bot fit my iPhone 7. Very disappointed. Will be sending these back unfortunately.,3,0,耳机（未提声音）
Fits perfectly. Helps protect and makes it easy to tell my headphones apart from others in the family.,5,0,耳机（未提声音）
Broke after 2 months. These are very flimsy and will not hold up for sleeping. Bought these as a replacement for my cozyphones and the quality is so inferior.,3,0,耳机（未提声音）
"Worth getting if they go on sale for sure. Sooo easy to use across all my apple devices, sounds amazing and the call quality is great too. No issues.",5,0,耳机（未提声音）
"These seem great.  However, the first pair we received only worked in one ear. The replacement pair worked just fine until two weeks after getting them when the folding piece broke!  I'm not going to mess with getting a 3rd pair. I'm going to order my son a better quality pair of headphones!<br />**UPDATE TO REVIEW**<br />After posting this review I was contacted by the company.  They not only refunded the purchase price, they sent a new pair of a newer version of the headphones. The new pair is great!  We've had them for quite some time and they are working perfectly without issues. After dealing with this company and their outstanding customer service, I would now highly recommend these headphones!",5,0,耳机（未提声音）
I loved that these came with foam noise cancelling orange plugs for extra peace and quiet. I hate that after using them once the wire shows so easily. I don't think these were worth the price.,3,0,耳机（未提声音）
Not sure why the rabbit face is on there but ample space for wireless ear buds and a charger cord.,4,0,耳机（未提声音）
"So far so good, two months into daily use. It's worth mentioning they're more comfortable than my previous earbuds.",5,0,耳机（未提声音）
"These are great com units. We have more than one set and will likely be getting more. I am not sure about the headpieces though. The staff says they are a little uncomfy but they still use them and aren't demanding new headsets... Yet. The range is more than what we need. I use them on medium power for the range to help save on the battery because I need them to last a full weekend of use. I like how if the battery does drain, I can always fall back on AAs. The rechargeable feature is really nice and in the event of power failure and battery dying we can also charge them in the cars. The weaker Midland coms that we have work well with these but their range isn't as good. They sometimes will cut out on the edges of the location we work in. These ones don't have that problem though. They beep for a bit to warn of low battery. Giving you plenty of time to get back to where you can get a recharge or replacement battery.",5,0,耳机（未提声音）
These headphones were very nice. They were easy to use. They were comfortable for my daughter. I really like that they have noise cancellation. The quality was fantastic. They worked great. They were attractive. I would recommend them.,5,0,耳机（未提声音）
"These are now my most favorite headphones. They are noise cancelling and you can pair them with two devices at the same time. You get about 30 hours of listening time, which is great for me, because I listen to podcasts at night and don't want to have to fumble around for ear buds when my headphone runs out - which I have had to do in the past. What is really cool about these headphones, besides being blue tooth and noise cancelling, is that you can remove them and they stop playing your music or podcasts until you put them back on again. This also comes with an app that you download for android or iPhone and with that, you can set up to play radio or spotify to wake you up and a number of other tasks. I am still looking into the app. I highly recommend that you watch the video on the Amazon page to get a better idea on how to set these up and what they can do. The transparency allows you to pause while you listen to what is going on inside the room.",5,0,耳机（未提声音）
I love wrap around your ear headphones.  They’re much more comfortable in my opinion.<br /><br />The design of these is nice and they’re easy to use.  The case is nice as well for charging and keeping them together when you’re not wearing them.,5,0,耳机（未提声音）
"I have some really great MEE headphones - my favorite for long stretches of music listening. Those are A151 and I recommend those for that application.<br /><br />I got these to carry on my bicycle to janky clubs where I didn't want to use my Shure SE215. Now I can't quite remember what I thought I was saving the Shure's for - they are not expensive at all for music gear.<br /><br />Anyway I thought these M6 IEM's would be a good substitute, but I don't like them at all. The drivers seem inefficient and not clear-sounding compared with the other two products I mentioned. The fit is not great. One of the gels was folded over on itself - like it came out of the mold too hot and stuck to itself or something.<br /><br />IDK I just didn't like them at all. I now use the IEMs I already had. Oh damn I just remembered why I wanted to use these - I changed my rig and I use a little rhyme to gather my cables; this rhyme depends are certain color scheme. I had eliminated a PSU that was white but I needed to add IEMs - so I thought it would be slick to just buy a white pair. It would have been less trouble to just learn a new rhyme.<br /><br />I recommend skipping these in favor of the more expensive Shure SE215. You get a lot more value per dollar with the Shure's IMHO.",2,0,耳机（未提声音）
"[[VIDEOID:47420b93ea6e3046e0b77c95b1f49911]] even though these earbuds do not come with a microphone I like the fact that it has a long cord. They are easy on the ears for things you're trying to hear. I recommend get these buds and, in your ears, put them in. Thank you for looking at my review and God bless you.  Baba Oran Z",5,0,耳机（未提声音）
Sounded like a broken hearing  aide  Crap,1,0,耳机（未提声音）
