编号,臂,row_index,v1_prob,原文,中文翻译,人工判定(1=音质差评/0=不是),备注
K001,alert,37444,0.9871,"Eh used these for a while, first one headphone went out and then the second headline became super staticky. Not really worth the buy because it'll only work for a short period of time, a least the pair I bought.",嗯，用了这些一段时间，第一个耳机的耳机头坏了，然后第二个耳机头变得超级静电噪音。不太值得买，因为它只能工作很短的时间，至少我买的那对是这样。,,
K002,alert,46128,0.9864,"These are cute, can be used with my iPod, but cannot be used with my computer without an adaptor, which disappointed me a bit. Then on the first use, I discovered that, when using for Skype or Zoom, there is a lot of background noise that the other people can hear. And it isn't failure of the noise cancellation, it is some kind of feedback from the buds themselves.  I bought an adaptor and in a pink I'll use these with my iPod, but not the best sounds quality.",听起来很差，而且不适合我们任何新的戴尔显示器。,,
K003,alert,68396,0.9843,sounds quality isn’t too great in my opinion. So far we have not had any issues with water resistance. Held a charge for a amount of time.,我的音箱上的光纤线缆裂开了，他们不回应提供针对我特定电视的修复方法。他们发送同样的旧说明，这些说明对我的电视不起作用，然后他们就不再回应，我也无法退货。我以为是因为我买到了坏音箱，所以我又买了一个新的，但它仍然这样。听起来很糟糕。,,
K004,alert,80286,0.9663,Radio only picked up a couple of stations and they were too faint and staticky.  It needs an adjustable outside antenna.,我没想到质量和音质会是这样，但比我预期的还要差。,,
K005,alert,393,0.9584,great price  -  I already had a Seagate 4TB and I had an IOMEGA for years which started making horrible sounds a couple of weeks ago .. a clear indication it was gonna die and I didn't want to lose all my music files so I purchased this to transfer files .. the only thing was I originally plugged it into a HUB and it wasn't working .. so I called tech support who then told me to plug it directly into the computer USB (I had to move a few plugs around .. they need to make computers nowadays with 10 USB ports  not 4  if a HUB wont work properly)  .... but anyway  after maneuvering plugs around it worked fine  .. Seagate is a great company  ive had many of their products in the past,无线设置真的很麻烦。所以目前它通过USB连接到电脑。它比我预期的要响得多。我的旧HP打印机打印时安静多了。这就是为什么我只给它3星评价。会看看随着时间的推移它是否能赢得更多星星。,,
K006,alert,86315,0.9420,Sounds bad and will not fit any of our new dell monitors.,除了用它来清洁电脑，我还用它来训练我的狗。噪音刚好够大，能引起她的注意。商店里卖一种专门给狗用的，但这个更便宜，效果一样。,,
K007,alert,21936,0.8879,"Less than 2 months in, and this thing is producing a horrible electric feedback when streaming. Piece of JUNK, and of COURSE it's out of return window!! 🤬🤬🤬🤬🤬",我买这个是作为礼物送给朋友的。但我确实玩了几天。它有几个问题：（1）每次翻页都相当慢，（2）当室温较低时（可能低于60华氏度？）它就不工作了。我确实喜欢它带有男/女声朗读功能，这基本上可以让每本书都能听。但声音仍然相当沉闷，需要改进。,,
K008,alert,35256,0.8522,The optical cable cracks on my speaker and they won’t respond with a way to fix it that us for my specific tv. They send the same old instructions and they don’t work for my tv so then they stop responding and I can’t return it. I thought it was because I got a bad speaker so I got a new one and it still does it. It sounds awful.,我拥有一个这样的产品。它完全没用！我的邻居买了一台LG电视，现在我的音箱在15秒后就会切换到蓝牙，无论我怎么做！我认为他们的电视试图连接到它，但不确定。即使我把连接切换到光纤或1/8英寸插孔，15秒后...砰。没用。,,
K009,alert,27446,0.8514,"Compared with Shotz, this unit is not loud enough",电机噪音很大，在扬声器中也能听到。技术支持提供了一个有效的修复方法。这个产品的支持很好。我提供了一个回拨号码，几分钟内他们就给我回了电话。,,
K010,alert,46119,0.8449,Looked just like the photo but they crackle real bad when turned up,这是我第二台需要SD卡的Blackvue相机。它具有高质量（4k）录制的核心特点，但正如俗话所说，一条链的强度取决于其最薄弱的环节，而这台相机最薄弱的环节就是专有的SD卡，它很快就会失效。他们的客户服务听起来很糟糕，而且一开始就很难与公司沟通；看看他们的网站就会发现，他们能卖东西，然后就没有然后了。希望我暂时不需要新相机，但下次我想我会考虑Vantrue。,,
K011,alert,46780,0.8320,"You get what you pay for and this was cheap poor quality picture very grainy even trying different monitors did not help. Second the cameras go black for a few seconds flashing constantly like every few minutes, contacted support with no response for a month now, recording is ok but difficult to see picture on play back very disappointed since i use this in my home to monitor a disabled child in different rooms",不如罗技其他鼠标那么顺滑。滚轮有点卡顿而且有噪音。我原本期望它能更好一些。目前先用着吧。罗技啊，你以前比这好多了。,,
K012,alert,98130,0.7486,"This works but it's sounds like it's off station, and with an annoying whine/buzz that is constant.  I would only use this as a last resort for music or do without.  I think it might eat data too (if you have a that kind of plan) but it was so annoying I didn't use it long enough to see if ate up any of my phone data.",我们有一个旧版本，但现在视频更清晰，声音匹配，而且速度更快。,,
K013,alert,73598,0.6230,I didn't expect to quality and sounds but it's worse than I have expected.,一分钱一分货。这个耳机应该更响一些，有更好的范围，至少支持A2DP。你可以用它配手机，但如果你的设备需要A2DP来播放音乐，那这个就不行。,,
K014,alert,63047,0.5581,"Repeated signal is weaker than modem even though unit is closer.  If placed too far away loses Internet connection.  Tried to use in a small two bedroom single level house, about 1200 square feet.  It’s going in the garbage.",接收效果并不比其他天线好。仍然收不到NBC。,,
K015,alert,13352,0.5125,They worked great for almost a year then the speakers or something quit working. Couldn't hear a damn thing out of them. Waste of money if they can't even last 1 year.,绝对糟糕的范围，可悲的做工质量，而且任何时候你移动正在流媒体的设备，它都会可怕地跳音和卡顿。<br /><br />我能够移除内部底部的小金属板，这略微增加了范围。<br /><br />总体而言，这是一个不错的设备，只是不值它的价格……,,
K016,background,30882,0.0005,"I think this is the third Sansa mp3 player I've bought - I tend to load various mp3's onto them and stash them into my car to play when the radio gets annoying. They're easy to transfer music onto (drag and drop), the screen is easy to read as well and to navigate, and it plays most music formats. You can expand the memory by adding a microSDHC card, and best of all, these players are cheap (so little worry about them being broken or stolen). Not that there's as much a worry about the latter as they don't stand out too much as some other mp3 players. Yes, they're simple, but if you're looking for a reliable mp3 player, these are it.",速度不错，图片质量也好，但视频播放没那么好，会暂停播放。,,
K017,background,63331,0.0004,"Works great and isn't all that warm even when leaving it connected 24 hours. I used the USB cable extender to connect to the computer. I suggest you use it because it cuts the heat down. The pictures and sounds are silky smooth. No problem at all. Hauppauge makes very good tv tuners. They are very reliable.<br /><br />When installing, go to the product's page on the company's website and down the Windows 10 driver if you're on Windows 7 and above. Took me 30 minutes to figure that out because I downloaded the Vista and XP which neither will install.<br /><br />I suggest using Windows Media Player if you're on Windows 7 to watch. If you run into any trouble. Do these:<br /><br />1-Uninstall PlayReadyPC and deleted folders and files in ""C:\ProgramData\Microsoft"" called ""eHome"". Then delete ""DRM"" folder and files in ""C:\ProgramData\Microsoft\Windows"".<br /><br />2-Go to your ""Programs and Features"" Control Panel, click ""Turn Windows Features on or off"", scroll to ""Media Features"" then uncheck ""Windows Media Player"". Reboot the computer then go to your ""Programs and Features"" Control Panel, click ""Turn Windows Features on or off"", scroll to ""Media Features"" then check ""Windows Media Player"".<br /><br />3-Google ""PlayReadyPC_x64"" and download it from the microsoft.com website. Do not download it from anywhere else or you'll get a virus.<br /><br />4-After this open Windows Media Player and begins to set your settings.",它确实很好用。我把它加到我的手机和遥控器上……哈哈……它帮了我大忙，让我能找到它们。不过，如果上面盖着一个枕头，你几乎听不到它。,,
K018,background,33010,0.0001,I've tried several gaming computers and this one is perfect.,当我的旧内置硬盘在2006年末的MacBook Pro中开始发出摩擦声时，我开始考虑更换整台电脑。我几年前以非常优惠的价格买下了它，它已经物有所值了。另一方面，现在手头有点紧，而这台机器在当年可是相当高级的。我决定将硬盘升级为固态硬盘并最大化内存，而不是一开始就花大钱，看看我的老伙计表现如何。换成固态内置硬盘后，我损失了不少磁盘空间。我可以用外置硬盘来存放那些我可能再也不会看但也许某天会需要的所有东西，但我想要一个比USB或FireWire更快的解决方案来管理我的iTunes资料库和媒体文件。这个快得多，而且插入一张Class 10卡后，性能非常出色。它快如闪电。而且适配器安装后与端口齐平，所以不笨重也不别扭。SD卡会突出来，但不到一英寸。我所有的USB和FireWire端口都可以用来插入更大的硬盘。,,
K019,background,45920,0.0010,It’s really not that great. I got it bc I am a nurse and wash my hands a lot. The class that hold the band to the watch are trash and the material on the ends is too thick I had to stuff the clasp into the watch smh,这只是一个声学立体声耳机。那很笨重。,,
K020,background,17822,0.0004,"These are nice battery testers, but if you own a multi-meter, you probably don't need these. My multi-meter gives me the actual volts. These testers give you bars to indicate if something is bad or good. It is perfect for those who don't know how to use a multi-meter, and small enough to keep in the kitchen drawers. In my experience, in terms of accuracy, it's more about the gadget, and not the tester. For example, my dish soap dispenser stopped working, but all the AAA batteries tested as GOOD on these testers, not 100%, but still good. So does this mean these testers are bad? No, not at all. I put the batteries in my remote controls and they work. So the tester was right, there is still juice in them. The soap dispenser is just a battery hog. Once the battery drains a bit, it's hungry for fresh batteries. So this is what I mean when I say it's more about the gadget than the tester. Not complicated at all to use, so perfect for anybody in your household who doesn't like tools or complicated tech. 5-Stars!",它们根本固定不住。条带背面的粘附力几乎不存在:(,,
K021,background,10807,0.0001,"Overall, just a great value in a Windows tablet!!",你知道那些戴着AirPods到处走的孩子们吧，好吧，我正式成为了他们中的一员，戴着这些。我住在嘈杂的街区（西雅图市中心），所以我想尽一切办法来获得一个像样的睡眠。<br /><br />这些不是降噪耳塞，但它们的密封性很好，所以确实能阻隔大量噪音。<br /><br />那当你外出需要感知周围环境时怎么办？有一个环境模式，就像助听器一样工作。<br /><br />它不是最响的，但足够了。我保证。我有Jaybird X4，我为了这些放弃了它们。我有Beats，更响，但我喜欢这些的舒适度。<br /><br />电池续航呢？一流。自从我拿到它，我还没有遇到过没音乐听的情况。当然，我通常会给充电盒充电，不用的时候把耳塞放进去，但有时候，我会让它们戴至少4到5个小时。我有时给一个耳塞充电，用另一个，所以如果一个电量低了，我可以直接换过来。,,
K022,background,64128,0.0007,"Barely got it, finish feels odd like plastic and wood but its smooth so I like it. the only thing is that its wobbly, I put it on a flat surface and it wobbles which I hate. Also the metal prop up thing swings when I move it, which is loud, wish there was a magnet to keep it in place but others may not mind. UpdateSep/2016 Three of the screws fell out. It still works but I taped the wood to the frame.",在不到一个月的轻度使用后，它开始在边角处开裂。没过多久，这些裂缝就连在一起，现在一个角上缺了一小块。这些裂缝甚至不是由跌落或掉落造成的，因为外壳外部没有任何痕迹。我想我会换一个背面更灵活的东西，比如TPU或硅胶。<br /><br />贴合度和做工出乎意料地好，尤其是考虑到价格。所有开孔都完美对齐。可惜它就是经不起任何使用。,,
K023,background,60626,0.0002,"When I first pulled this product out and hooked it up to my computer it worked wonderfully. It was even able to recognize the album from burned CDs! I was impressed and very happy. THEN when I went to insert the 4th disc, the opening seemed jammed. It would not accept any disc and no matter how many times I restarted my computer it would not work again! I contacted VersionTECH and have still not received any reply. I put off using this product for a while so now it is too late to return it, which is what I would do if I could. So please don't waste your money. I have asked questions of other buyers and they have confirmed this product is a piece of junk. Be forewarned.<br /><br />After I posted this I was contacted by VersionTech. They tried to be helpful, but I had already returned the product. They followed up with me frequently and cared to help fix the problem. I had tried asking Amazon for help but the woman I chatted with was VERY unhelpful! It was like chatting with a robot. I was transferred to someone else who was able to help me return this product, as that was their only solution.  I hope that this problem doesn't happen to anyone else. The whole experience was very frustrating, but VersionTech as a seller does seem to care and want to help if you do run into a problem.",我承认……我买这些是为了刻录我自己的音乐CD……我的车有CD播放器，虽然我有卫星广播，但有时信号不太好。而且我喜欢很多不同类型的音乐。所以，我自己制作混音CD。哈哈哈！我真是个婴儿潮一代的人。25片装。而且你可以重写它们。,,
K024,background,2214,0.0002,"Interesting concept and it works for bulker plugs. My favorite part about this cable is the 90 degree plug from the wall. not sure why all plugs aren't like this, or at least most power strips. The outlet works well but kinda looks ugly with everything plugged in, kinda like its a security hazard. As long is you can tuck it behind something that shouldn't be an issue.",我购买这个是为了支撑一个[[ASIN:B00ND1KHY2 Mackie Mix Series Mix12FX -Watt 12-Channel Mixer]]，它轻松做到了。最让我印象深刻的是它的构造。我之前一直使用一个托盘垂直于地面的乐谱架，虽然能用，但远不如这个支架稳定。此外，我看过其他几个品牌，但大多数都做工廉价。<br /><br />以下是这个支架与众不同的几点：首先，夹紧装置是快速释放型的，而不是我试过的其他所有支架上那种劣质的旋钮。其次，如果你考虑用它来支撑像投影仪这样真正重的设备，支撑杆的插销保证它会得到支撑。坦率地说，这些插销可能永远不需要用到，因为主要的释放装置已经牢牢固定。<br /><br />尺寸如下：<br />托盘：15 9/16 x 10 7/8 英寸，沿宽度上下有边缘。<br />支架：可从23英寸调节到53英寸——如果你是想通过调音台控制乐器和麦克风的键盘手或鼓手，这非常理想，因为高度范围适合大多数场景。<br />占地面积：三脚架脚点之间25英寸。<br /><br />这还附带一个粘性硅胶垫，尺寸为12 x 7 5/78英寸，用于牢固地固定调音台或笔记本电脑。当我的Mackie调音台放在垫子上且桌子倾斜30度时，它纹丝不动。<br /><br />最后，我购买了一个[[ASIN:B000XZYXTG Hamilton Carrying Bag for KB50 & KB990 Series Stands]]，它轻松容纳并保护这个支架。如果你选择这个型号，我推荐它。,,
K025,background,10407,0.0002,"Wonderful product, plays great and the digital tuner makes it as good as radios at twice the price",我也有Jabra 35耳机，这款在电话通话质量上明显不同，但在我日常使用中，这确实是唯一实质性的区别。另一款设备提供了一些这款没有的降噪效果，你打电话的人肯定能分辨出差异。我丈夫说，当我用这款15给他打电话时，他能更清楚地听到背景噪音。<br /><br />至于电池续航，这东西真的很扎实。我在两天里各用了三个小时，中间没有充电。我主要用它来做谷仓杂务和检查围栏时听有声书。我注意到，在离开我的实体手机之前，我能走的距离相当有限，这款耳机开始断断续续或失去信号——用我的索尼Xperia手机，似乎大约是20英尺。,,
K026,background,12969,0.0001,"Perfect for security, monitoring the kids/pets and checking in for that sense of security.  Loved it so much got another 4.",当从红外切换到普通摄像头时，视频播放会卡住。另外，视频上的播放软件有点烦人。他们应该把它设计得更像手机、DVD播放器或YouTube上的视频播放。但很难获得精确的时间戳，而且没有快进、快退、暂停/播放功能。,,
K027,background,82553,0.0002,I purchased an expensive Airfryer on Amazon and after almost 2 year it stopped working. I am really glad I purchased Asurion extended warranty when I made my original purchase. They refunded the full purchase price of the Airfryer and now I am able to purchase a new one. It’s an Amazon Gift card but at least I am able to use it to purchase from Amazon or buy a new one somewhere else and use the Amazon Gift card towards any other purchase I make.,即插即用，附带所有线缆之类的东西——逆变器已送达，与描述相符，包装良好。目前正在使用，噪音极小，几乎安静，没有嗡嗡声或蜂鸣声，点赞各位。,,
K028,background,31940,0.0002,Nice headset.  The ear pads are great and it felt very comfortable.<br /><br />I like the look and feel.  I think it’s got a nice design of it overall.<br /><br />The microphone is easy to use and control to center it near your mouth,这个不适合Kindle Keyboard——差得远。这应该在产品详情里说明，因为它说适合Touch和Kindle——有点含糊。当评论者说这个物品有味道时，他们不是开玩笑。我通常喜欢奇怪的味道；所以我以为这对我来说不是问题。这味道令人不快且强烈。<br /><br />这个物品很脆弱，感觉廉价。它可能值大约10美元，但29美元太荒谬了。,,
K029,background,62304,0.0001,couldnt ask for more. great for the price.,右耳塞在不到两天的使用后就坏了。多年来许多其他耳塞也让我失望过，但从未在购买后这么快就出问题。质量有所欠缺。U GREEN，这反映了你们公司的整体情况。,,
K030,background,31699,0.0002,[[VIDEOID:2b64ad78f60dcb72bc027cd8accfd6c7]] This seems like a nice charging cable set.<br /><br />They worked fine and are a good length<br /><br />Overall these are nice.  I like the length of them overall - seem fairly sturdy too.,这块主板就是垃圾，彻头彻尾的垃圾。我买它是为了替换一块终于坏掉的旧主板。板载视频很糟糕，在运行winxp时驱动不断崩溃。板载网卡和软驱控制器从来就没工作过，板载显存真的很小（64MB），而且升级似乎不可能，因为当有东西插在AGP插槽时，板载显卡似乎不想关闭（而且没有跳线，我翻遍了手册）。不惜一切代价避开这东西，它真的在任何价位都不值这个钱。,,
K031,background,84735,0.0002,This remote doesn’t work with Roku Stick.,我不指望这东西能防任何电涌，也达不到广告宣传的额定值。<br />而且，现在才刚过一年，指示灯（就在开关按钮那里）就已经开始闪烁了。这种指示灯是氖灯。它们最终都会坏，但才几个月就坏了？？<br /><br />好吧，不管怎样，只要你只插小功率电器（避免使用任何类型的厨房电器），那么在这个价位上你真的没什么可抱怨的。<br />电缆直径似乎和我用的一个知名品牌的电源插排一样，而那个插排的价格是它的6倍。但那个不是塑料做的。,,
K032,background,51073,0.0001,I work for one of the largest production companies and these are our go-to’s for sharing work from some of your favorite Emmy-winning tv shows.,买这个的时候我担心的是我能不能听到别人说话，以及他们能不能听到我说话（在我的Droid手机上）。用旧耳机时我听不清，尤其是在高速公路上（或嘈杂的地方）。这个耳机又大又笨重，但我终于能听清别人对我说的话了，再也不用不懂装懂地点头同意了。,,
K033,background,74237,0.0001,Really makes using my Fire more convenient.,好的，灯本身没问题；亮度合适，颜色也正确。问题出在运动检测（或者说缺乏运动检测）上。我把灯放在浴室窗台上，距离门大约8英尺，视线清晰。我试着挥舞手臂、来回走动……灯就是不会在门内刚进去的地方亮起。如果我（在黑暗的浴室里）向前走，它大约在4英尺处才会亮。这不是我真正想要的效果。而且，我用了4节新电池。<br /><br />我有两个Mr Beams户外设备，工作得很好，所以我对这个设备工作得这么差感到惊讶。,,
K034,background,47614,0.0001,Works right out of the box with absolutely no problems whatsoever! I LOVE IT! I also love the fact that I can tilt it up and free desk space or remove it altogether without worrying with wires running everywhere. Streamline your desk with ease. The ergo dynamic design of the mouse already has my thumb and middle finger feeling much better. I had no idea it would/could make such a difference in the level of numbness I was experiencing in my hand so quickly.,做工粗糙的产品。它无法支撑我的43英寸电视。说明书令人困惑，在邻居的一点帮助下才组装起来，但组装得不太好。缺少一个作为腿部支撑的零件。,,
K035,background,68008,0.0002,"Very quiet, and cools my older laptop to manageable temperature.",这个集线器看起来是个很划算的购买。但我的第一个问题是它感觉非常廉价。第二，插槽非常浅，USB线不能正确插入，需要不断调整才能保持连接。第三个问题是电源。我不断收到警告说我的设备电力不足。另外，附带的线材非常脆弱，我已经不得不更换主USB线了。垃圾。买了大约一个月后就扔进垃圾桶了。在这件事以及我购买并丢弃的许多其他贝尔金产品之后，我对贝尔金已经受够了。,,
K036,background,81265,0.0003,"This cable REPLACES the one that comes in Raspberry Pi kit combinations from most sellers. They don't state that clearly in the description (maybe I missed it). I thought I was buying the shorter one available that plugs into the kit cable then into the Pi. Thing you need to have to use this is a USB power plug just like the ones for iPhone and other USB devices. I'd give it 5 stars if they clearly stated this. I'd still buy it but I'd have started searching the house for spares before it arrived.<br /><br />A word about powering the Pi units: I also used a powered USB port expansion hub as recommended by one kit provider. I also use HDMI output. After shutting down the op system on the Pi, I noticed the unit was not fully powered down. This traced back to both the powered USB expansion hub and the HDMI cable as well, both of which seem to supply power to the unit at some level. Recommend turning off power to the USB expansion and, if needed, unplugging the HDMI cable should you need to open the Pi and pull out the memory or other connected devices.",首先我要说，这个产品在清洁唱片方面确实做得不错，尤其是考虑到它的价格。我的主要问题，也是它只得到3星的原因，是它们用于粘附在真空管上的毛毡条存在很大问题。除非尝试寻找一种带有不同粘合剂的毛毡条，否则Pro-Ject提供的这些毛毡条根本不起作用。大约清洁了5张唱片后，它们就开始脱落。我用酒精清洁了管子，并贴上了提供的第二套毛毡条，但几次清洁后同样的问题又出现了。在与Pro-Ject保修部门沟通后，似乎近期内没有解决办法。我看到的唯一选择是把毛毡条粘上去，但这会导致以后出现其他问题，更不用说会形成不平整的表面接触唱片了。仅仅因为真空管的问题，这个物品被退回了。当毛毡条还在的时候，它工作得很好！,,
K037,background,98215,0.0007,"These fit the iPod Nano very snuggly.  A few problems do exist though.  They are very fragile and will tear easily which is unfortunate since you have to partially remove it to plug the nano in for recharging.  I've already ripped 2 skins and I expect the 3rd will eventually get ripped too.  Also, it's a little hard to see through the skin portion which goes over the nano screen and it attracts lint and small fuzzies which makes it look kind of dirty.<br /><br />A really good thing though is if you can keep from ripping it up and don't mind the lint and don't really need to read the screen, is the fact that the arm band goes through it nicely.  I wear mine a lot when I jog/run and since that's what I bought the skins for I really don't have a lot to complain about.  They do what I want them to do.",这个产品的质量很差。我一打开就后悔了。这个适合做展示，或者适合喜欢收藏复古风格物品的老年人。除此之外，完全是浪费钱。,,
K038,background,43354,0.0002,"These TeckNet cables came in just in time. I noticed that one of my usb micro cables wasn't charging my headphones and decided to investigate. I took a picture so I could show you what happened. The old usb micro cable was coming apart where it plugs into the device! With this six pack of 4 different lengths of cables, I should be back in business for some time. It pays to buy multiple cords because with kids, they go through them quickly and they don't unplug them by the ends, they just yank them out. I plugged in the longest one and immediately attached it to my headphones, I like the extra long cable, because I can charge my headphones while I listen to my podcasts or music while I sleep. The smaller ones are great to use on my laptop for a quick charge nearby. I am a happy camper right now. You never know where you might find your happiness. I found mine this morning in a small box from TeckNet.",浪费钱，，，，，这台收音机收到的电台不如其他收音机清晰,,
K039,background,25419,0.0001,"Works reliably, as advertised, for a great price.",当社会从键盘手机过渡到触屏手机时，我尽可能坚持得久一些。我只是觉得触摸字母很奇怪，而且不准确。改用触屏几年后，我试着回到带按钮的黑莓手机，天哪，这完全不像骑自行车那样简单。你根本无法回到按钮时代。用按钮一切都显得那么慢。那是因为你的大脑已经让你的手指习惯了触摸。现在按按钮会感觉极其缓慢，我们已经失去了手指按压的肌肉记忆。这就引出了我的观点，这是一种缓慢而繁琐的保存凭证/密码的方式。哈哈！板载软件，如果还能这么叫的话，并不能帮你区分密码、用户名和网站。如果能像文件夹层级那样，你可以深入进去就好了。例如，创建一个叫亚马逊的文件夹，点击进去看到用户名和密码。没有这样的组织。你需要把网站名称、用户名、密码全部输入在一个字符串里。所以当你打开Pinmaster时，你会立刻看到你创建的第一个字符串。在零售盒的背面，它写着“发光显示屏”作为一个功能。我以为这意味着屏幕有背光，但并没有这样的背光。我不认为他们在亚马逊产品列表上声称有背光，所以这可能只是包装设计上的错误，一个他们决定放弃的功能之类的。最后，你应该知道所有特殊字符都在1和0按钮上。那就是你可以找到@、&、%、^等的地方。也许等我有空闲时间，看电影时，这东西在我手里像解压玩具一样，我会消遣一下。哈哈！除此之外，我不认为我会在这上面投入任何精力。我给3星！,,
K040,background,993,0.0002,"I've had this case for over two years now and it has still held up well. I can't use the bottom part of the cover because then the macbook can't tilt back all the way but if you don't mind that then it's fine. The rubber keyboard cover is till in good shape, no holes or tears yet and keeps my keyboard super clean. Sometimes it leaves finger prints/oils from fingers on the screen after you close it on top of the rubber though.","这真是一次令人失望的经历。主要问题之一是它只兼容2G，如果你同时有2G和5G网络，而网络是合并的，或者你的2G信号时断时续，它可能仍然无法工作。不确定这是否适用于你？如果你住在美国的大城市，很可能适用。其次，技术支持很糟糕。你有没有打过支持热线，仅仅为了让他们知道你的姓名、电子邮件和他们声称需要用来识别你身份的其他信息就花了20分钟？嗯，这正是你可以从Blink期待的那种支持。他们永远要花很长时间，我没有夸张，永远都到不了你的问题，而他们可能也不会回答，因为他们太忙于照本宣科，无视你的问题。不要浪费你的时间、金钱或你的理智。坚决不要买这个。

更新于2020年6月10日：
收到亚马逊执行支持团队的Alex发来的电子邮件。显然，我们收到的关于2G/5G互联网的信息是不正确的。然而，使用一根长延长线，我们将同步模块放置在更靠近WiFi调制解调器的位置，终于能够设置摄像头并使其上线。但是，仅此而已。

首先，描述中吹嘘的2年电池寿命完全是误导。显然，这款摄像头只有在你不家时启用摄像头，并将设置调到最低功能（例如最低视频质量、最低灵敏度、最短视频长度等）时，才能提供那种电池寿命。

即使在最高设置下，摄像头也无法“持续”捕捉运动或人物的视频。将这款摄像头与我们的Blink门铃相比，我们获得的运动/人物视频捕捉率大约只有10%或更少。然而，它确实会在活动区域没有明显运动或人物时捕捉视频。此外，有些视频只有3秒或更短，原因不明。

不知道Blink为什么会认为有人会对这款摄像头满意，也不知道这款摄像头能在什么情况下工作，因为它做不到它声称的事情。

这款摄像头是个谜，而且不用户友好。支持是个笑话。我们花了太多时间试图弄明白这款摄像头，简直荒谬。Ring摄像头门铃要容易得多得多得多，可靠100倍。我们肯定会把这个退回去。",,
K041,background,17392,0.0002,"There's a lot of things I like about this particular LCD digital microscope. First thing I like is it's got a 7-inch screen so that you don't have to put your eyes to any type of little scope to see, so it's easier to use for children, another thing I like about this microscope it has a 10 to 1200 times zoom, it works on a PC, or your cell phone and you can take photos or videos with this. A nice little attached remote control so you don't have to look around for the clicker with this little sticker. I also like the fact that it has an alloy aluminum base, it has two lights that you can adjust and move around to get that type of look you're looking for, it also comes with a micro-USB port and a 32 gig SD card was included. This is not a professional deal, Bill. But for the price it is nice. I highly recommend my friend because the battery is lithium. I hope this review was helpful for you. If so, please let me know, by clicking the box below. Thank you. God bless you. And may the rest of your life be the best of your life.  OZ",它不是最好的质量，但能完成任务……,,
K042,background,41764,0.0001,"Easy install, Went on clean, support was very responsive, and the protector does what's advertised.<br /><br />I do suggest letting a book sit on it overnight to help the corners adhere better.",像许多孩子一样，我的孩子们在电脑上进行远程学习。四个孩子同时上课，耳机是必需品。这些耳机用了一个星期还好，但后来我女儿开始抱怨她一边听不到声音。它们已经被另一个品牌的耳机替换了。,,
K043,background,46771,0.0008,"This review is for the 35 foot length cable.<br /><br />This is THE ONLY cable over 25 feet I've found that will transmit the PS4 Pro's signal @ 4k. When set to YUV420, the signal is crystal clear, but it does struggle a bit to push the full RGB 4k signal (I start to see &#34;sparkles&#34; / noise artifacts). Keep in mind however, no other cable over 25 feet will even transmit the 4k YUV420 signal.<br /><br />There are clearly Leprechauns working away inside these cables!<br /><br />Now, if only they made a 30 foot version...",CRAY-2超级计算机在计算时运行如此之热，以至于围绕其电路的Fluroinert冷却液沸腾，气泡会流过其侧面铣出的观察窗。批评者认为，Seymour Cray销售这些单元更多是依靠Tom Clancy的《猎杀红色十月》中对超级计算机的激动人心的描述，而非大规模并行处理的任何性能优势。<br />这台两兆兆位的HP Envy Phoenix是一台液冷台式机，其能力远超我所能提出的任何微不足道的要求。Windows 8界面是一个奇特的装置，某种对史蒂夫·乔布斯等人成功的点头混合体。不过一旦你习惯了它，一切都好，一个懂电脑和/或有耐心的人可以尽情定制。<br />当然，趋势是朝着大规模去中心化处理，即手机和平板电脑与云松散连接；但如果你确实需要在桌子下存储几个国会图书馆，并且不想让散热器的热力学特性烧焦你的腿毛，那么就买一台这个，然后关掉所有的灯。它会发出红光。,,
K044,background,41957,0.0001,"Great for cells phones, great price too. ONLY GOT 29.8 GB on this SD card. Misleading saying you get 32 GB.",耳机一开始很好，然后在我收到它们两周后麦克风停止工作了。,,
K045,background,32663,0.0020,"I have used tiles several times and I love them.  I decided to try this because it was cheaper,  but it's awful.<br /> It doesn't to connect to the wifi.  The smart life app is user friendly and works well with my other devices so it is definitely a problem with this device rather than an issue with the app.  It's not loud enough either.  Even if it worked,  it would be useless if you can't hear it.",好吧，这个产品确实做到了它宣传的事情，我可以在水下拍摄。但我能清晰地在水中拍摄吗？不，完全不能。<br />我相当确定这个产品不起作用的原因是镜头和外壳之间的距离。以下是这个外壳的问题……<br /><br />我最近旅行中所有水下拍摄的素材（总共大概5-6小时），完全没用而且模糊。相机无法透过外壳对焦。<br /><br />外壳也不能很好地排斥水滴，导致相机只要有一点湿就无法对焦在任何物体上。即使只是在水里稍微浸一下，相机在回到水面后也会很吃力。<br /><br />除了对焦问题，无法访问屏幕比我预期的更令人沮丧。DJI Osmo Pocket 严重依赖只能通过触摸屏访问的菜单选项。没有屏幕，选项极其有限。<br /><br />不推荐，尤其是考虑到那疯狂的价格。,,
K046,background,42891,0.0001,I have a double outlet can in the floor and it is the best for me to use this type of outlet and a flat plug. I need the extras to accommodate my laptop and peripherals and have a slot for another cord to go to the other side of the couch where the though of a power source on that side did not cross my husband's mind.,除非你的控制器有遥测功能，可以在四轴飞行器电池电量低时向你发出警告，否则你应该在电池上装一个这个东西（并且在地面上带一个计时器）。这个小装置可以立即准确地读出电池中有多少电压，并且可以根据电池大小（从7.4V起）编程设置你选择的最低储备警告。当你达到那个低电压阈值时，它会发出警告的哔哔哔声，只要你在推荐的控制范围内飞行且背景噪音最小，就足够大声听到。设置简单，使用简单。我的每个四轴飞行器都有一个。它们质量好而且非常便宜。你为什么不会拥有这个配件呢？,,
K047,background,30453,0.0001,"Plugged it in, added a hard drive that need formatting and it would not be recognized by other computers or externals.  This item worked so well, I am getting a friend to buy one for him.",还可以。不喜欢水……会失真。,,
K048,background,32987,0.0001,Nice case. It keeps my ipad protected and the case is nice and sturdy. I am very pleased with it.,更新：原本对这台电视非常满意，但不到18个月后，我遇到了和许多人在43和49英寸型号上遇到的完全相同的垂直污泥问题。这些电视似乎是一次性的，不会再买TCL了...<br /><br />11/2/19<br />TCL的售后同样糟糕。虽然响应及时，但我收到了通常的“恢复出厂设置”的模板文章，并建议如果无法解决就送修。TCL显然在回避所有关于劣质连接器和电路板的评论。如前所述，这些电视是一次性的，再也不会买他们的垃圾产品了...,,
K049,background,17465,0.0001,This charger can charge AA and AAA at the same time either in the wall or by USB Thank you for reading my review. I hope you find it helpful.  OZ,让我先说明一下，我在IT行业工作，为各种企业提供支持，在网络方面有足够的经验，可以确定地说——我收到的这个路由器绝对是垃圾。<br /><br />通常我会说，对于这个价格，你应该把期望值设得很低——由于我所在的领域，我明白几乎所有消费级路由器都不是很好的选择，而那些稍微可行的都在300美元以上的范围。不是每个人都有钱或者在意去投资这么多——我理解。<br /><br />所以，这让我和我的老室友基本上只有一个选择；TRENDnet Wireless AC1750。他不需要太多，尤其不想花太多钱，让他把价格提高到甚至这个路由器都很困难——他以前的路由器是3年前随有线电视订阅附带的。它工作正常，但有时通过WiFi下载很慢，这并不奇怪。根据研究和评论，最重要的是价格——我们决定试试这个Trendnet AC1750路由器。<br /><br />哇，真是垃圾——他在房子角落的浴室里再也收不到WiFi了——这是一个非常小的两居室公寓。这个路由器怎么可能无法处理20英尺外的信号，中间只有两堵墙？这种级别的路由器（即使在这个价格）应该能够轻松覆盖一个小两居室公寓。就这样。<br /><br />第二个问题——即使我们连接上了，WiFi信号也会不断掉线，我现在必须每天通过拔插头再插上来重置这个路由器，因为它拒绝工作超过16小时就会崩溃。我尝试过更新固件，所有能做的网络重置。我甚至尝试使用旧调制解调器（我们同时更换了路由器和调制解调器）来看看那是否是我们问题的根源——不，是路由器的问题。<br /><br />它慢慢变得越来越糟，当我离开这个公寓时，我的室友将被迫每天重置他的路由器，有时一天两次，只是为了上网——或者买一个新的。<br /><br />我对这个产品非常不满意，但考虑到它的价格，并不特别惊讶或失望。只是似乎很奇怪，一个3年的Netgear N300路由器比一个AC1750双频路由器表现得好得多。,,
K050,background,5812,0.0001,Good product. Very handy for cleaning glasses and phones,我按照所有说明正确操作，但屏幕保护膜无法粘附在屏幕上。这是一台全新的Kindle Paperwhite，已经正确清洁过，完全干燥，没有任何绒毛或灰尘。包装内附带的酒精湿巾在打开包装时已经完全干掉了。这要么是非常陈旧，要么是在发货前没有妥善保存。完全浪费钱，也不值得花时间和精力寄回去换货。非常失望。,,
K051,background,88473,0.0003,"I really like this device as there are many ways to charge devices. There is a switch to turn off the whole component which I like instead of completely unplugging it. Although you can if you wanted to save more electricity. Also NOTE to buyer, it comes with SCREWS! I did not notice them in the box and I struggled forever to find my own that would work. I ended up scratching the surface doing that. The only complaint I really have is that the screws that are included could be longer because after installing it into the sheet rock wall, it was ripped out with a little force. Other than I highly recommend this!",不得不看了几个视频才组装起来，因为说明书不太好。另外，关于天线和接收，你得做点功课。一个好的天线必须指向特定方向才能接收到你所在地区的直播电视。你可能会得到1080高清，但绝对不是4K视频！我注意到在暴风雨期间信号会丢失几次。如果你有耐心且动手能力强，你可以把它组装起来。我拆下了旧的DirecTV卫星，用了同轴电缆。如果安装在屋顶上，确保买一个更高的支架，并在更长的螺丝上使用填缝剂，或者使用带橡胶垫圈的更长自攻螺丝。或者在天线支架的脚下放沥青胶带，这样你就不会在阁楼漏水了。在智能电视或Amazon Recast上工作得还不错。总体而言，相当不错的天线。,,
K052,background,24442,0.0003,"It presents little protection, doesn't stay shut,  shad to buy 2 elastic headbands to keep it shut, stand collapses, fell apart; not worth considering.",暗示它又薄又柔软。并不是。它只是不是圆线……它是扁的。这并不意味着它更柔软。请记住这一点。,,
K053,background,87235,0.0001,"Great little case, came in on time, fits beautifully!",非常适合晚上刷TikTok，这样就不会打扰到你的配偶。😊 但音质不是最适合听音乐的。,,
K054,background,18023,0.0002,"Up and running with a sim card or GlocalMe App purchase.  I like the app purchase for simplicity.  If you have a place without internet and you don't want to pay high cost for cable or satellite monthly or yearly contracts.  This is nice for light use and places that require quick and secure access.  It can handle up to 30 some connected devices.<br /><br />Overall, this unit provides, a reliable connection, secure connection, that requires no installation.<br /><br />Trust you found this review honest and helpful:-)",使用伏安设备测量iPhone 4的充电情况，发现电压为5伏，但电流仅为0.25-0.29安培，不足以给iPhone充电，除非将其关机——而这并不实际。其他品牌/类型（Aduro和iXCC）的充电线允许iPhone从同一个充电器汲取接近1安培的电流。其他品牌的绝缘层更厚，对内部导线的保护更好。,,
K055,background,28915,0.0001,"I tend to use Dell computers and I am rough on my computers, but have noticed that the power plugs have been ruined or break altogether within the first year. I used this seller and for a reasonable cost, was able to get the same power cord for one-third of the cost. Thank you!",我想要一种明亮的颜色，这样它会很显眼，但这个颜色不是紫色，而且绝对不是皇家紫。还行吧，但它是中等李子色，一点也不明亮。花了挺多钱却没得到完全想要的东西。,,
K056,background,34606,0.0001,"I just started using this, but so far, so good!",一周后就退回了。垃圾东西。不停地配对，还一直告诉我[[ASIN:B00V81E5O2 Ecandy 蓝牙耳机 头戴式立体声无线+有线耳机 带麦克风 用于音乐流媒体、免提通话 适用于 iPhone、Nokia、HTC、Samsung、LG、Moto、iPad、PSP 及支持蓝牙的设备-黑色]]充满电后需要充电。一分钱一分货。,,
K057,background,71384,0.0001,"This is a great gift for anyone who is into drawing. I got this for my daughter who loves to draw, she uses it on a basic level, but it's easy to use and she enjoys it.",所有东西在照片中都带有一种偏绿偏蓝的色调，让人看起来面色蜡黄、病态。我在每张照片前都尝试使用了蓝色测光纸，但结果还是一样。我联系了客服并附上了图片（照片在我手机上的样子和打印出来的结果），但一直没有收到回复。即使人为增加图像的暖色调也不起作用，出来的照片仍然带有蓝绿色调。,,
K058,background,82266,0.0001,This thing is AMAZING for the price.  I’ve done several awesome newborn baby pics with different backdrops.  Stand is big but portable and light.  Light but sturdy.  And comes apart for easy storage.  A definite recommend.,我有一个Fitbit Flex 2，它停止充电了……所以我想要一个能检查我的睡眠、步数、心率和血氧的东西——我把血氧和真正的脉搏血氧仪比较过，大多数时候它们是一样的，偶尔手表读数更高。心率与测试仪以及我量血压时的读数相同。睡眠有偏差，因为它被设置为12小时制而不是24小时制，但当我做睡眠研究时，睡眠量是匹配的。就价格而言非常值得……手机无法与手表保持连接，这可能是我的错误，因为我不太懂技术。我最近换了手机，不再收到我的消息——所以等我儿子回来，我要看看他能否帮我重新设置……附带粉色和黑色表带，我有点失望，因为我以为会是粉色或紫色表带……所以男性绝对可以用黑色表带，因为有些表盘外观偏男性化。,,
K059,background,88431,0.0001,Was used in a knockoff smart watch and worked without any issues.,如今这个时代，每个人都需要保持警觉并注意安全。这个小东西可以挂在你的钥匙链上。<br /><br />警报声没有我预期的那么响。但它至少足以让某人朝你这边看，这也是目标的一部分。它的声音有点像汽车警报。<br /><br />总的来说，它只是个人安全日常措施的一个附加部分。对周围环境保持警觉仍然是第一位的。,,
K060,background,60612,0.0001,Make sure to locate the vent holes on the bottom of your laptop b4 purchasing ANY cooling pad. Buy the pad with fans that line up for your vents. Thanks to this little tip my new cooling pad lowered my temps by 10C while gaming! Good luck.,这是一对音质尚可、价格亲民的无线耳塞。就价格而言，它们不是最好的，但也不是最差的。它们表现一般。但这套耳塞的一大卖点本应是触控操作，然而我女儿发现它们完全不可靠。有时她得触摸5次才能让它们识别到暂停音乐，这让她更倾向于直接拿出播放器来暂停。我会说这些是4星耳机，除了那个卖点上的失败，如果你是因为触控操作而购买这些，我不得不把评分降到3星。,,
K061,background,82027,0.0004,"This charger just quit working. Why I don't  know.i bought it in Oct 1,5 yrs ago. I feel it should last longer. Now I have to order a new one. And it won't be this brand",如果你有Echo，别忽视遥控器。虽然广告里从不展示它，但我发现它不可或缺。Echo在几个方面胜过Google Home，遥控器排在首位。GH没有遥控器。<br /><br />当亚马逊吹嘘即使你把音乐开到11，Alexa也能听到你，嗯，那最多是一厢情愿。有了遥控器，没问题。<br /><br />还有些时候你想悄悄告诉Alexa做某事。你可以对着遥控器轻声细语，Alexa就会回应。相当惊人。,,
K062,background,89050,0.0001,"For what it’s worth, this product does the anti-glare job. But part of the use of an iPad is writing and getting around easily with the touch of any finger. Frankly, this screen protector makes it harder to do both.",我喝了杯咖啡，让电脑闲置着。十五分钟后回来时，显示器不工作了。它已经使用了大约三周，现在报告无信号。Windows 可以看到显示器已插入，但显示器仍然报告无信号。插入其他显示器后它们继续工作，证明问题不是显卡或端口。<br /><br />说我失望是极其轻描淡写的。<br /><br />我发完这条评论就会要求退款 :-(<br /><br />[补充编辑] 我收到了坏显示器的替换品，而且立刻明显看出他们第一次寄给我的显示器是被使用过并退回的。这个盒子上的胶带是新的，内部包装不同，替换品中有贴纸之类的东西，而第一个中没有。<br /><br />把旧设备当新的卖给我，真可耻 :-(<br /><br />[第二次编辑] 替换品在我开始使用整整三个月后停止工作。看来问题不是一个坏的旧设备，因为我相当确信替换品是新的。不幸的是，这个系列的显示器似乎就是垃圾，故障很常见。<br /><br />我非常失望。,,
K063,background,57886,0.0003,"This is a very big P&S camera case.  It will probably fit the biggest P&S cameras.  The dimensions in the description are the internal dimensions.  The external seams and heavy padding give the case some huge external dimensions:  6""x4""x2.5"".  This thing won't fit in your pocket.<br /><br />The top flap and the belt loop are secured by pieces of generic velcro.  They seem fairly secure when new, but will they get too weak with use?  Definitely keep an eye on those if you don't want your camera to go flying.<br /><br />Construction quality is not as good as similar cases from LowePro or Kata, but it is a good value at $6, which is half what the name brands cost.",这些耳塞用起来不错。我们能够毫无问题地使用它们。它们戴在耳朵里还算合适。声音出来得挺好。它满足了我们的需求。它和描述的一样。它们很隐蔽，不容易被注意到。这让使用它们容易多了。它们相当舒适。我们没有任何问题。,,
K064,background,25756,0.0001,Perfect mount for our TV!! So easy to assemble! Five Stars!!,一开始还不错。但很快就出问题了。左侧时断时续。得来回挪动它。基本上现在不能用了。没人愿意在开车时摆弄它。,,
K065,background,1423,0.0002,"THe quality is excellent, very well made. However Their must be a better design for folding the cover backward to stand the unit vertically. trying to slide the cover under a stiff tap is ridiculous! Half the time it slides out and collapses. Come on Guys, hire and engineer to do it better!",我对这款天线寄予厚望，因为尽管附近有信号塔，我们的接收还是各种问题。我以为这能穿透造成我们问题的干扰。我们住在山麓地区，离一个大城市大约100英里，我们显然需要专家来帮我们安装。这可能是质量不错的产品——但在这个地区对我们就是没用。我们已经好好试过了。,,
K066,background,86754,0.0001,I brought these for heavy-duty bags and they worked great. Keep them closed tight.,嗯，它是一根线缆。插上很容易。关于这个没什么好说的。我们确实买了一台新电视，所以我不确定是电视还是新线缆的原因，但画面非常清晰。我没有注意到HDR有任何像素化。然而，使用旧线缆的蓝光播放器确实有一些像素化，即使在新电视上也是如此，所以我确信线缆与此有关。我不确定ARC是什么，所以还没有尝试。我们的盒子比较新，但已经用了几年，可能不支持它。,,
K067,background,85490,0.0010,"I bought this camera so I can see my dogs when I let them outside. Turns out, it's become quite the necessary! I see things going on at my house when I'm at work or when I hear a noise outside at night, I just open the app on my phone to see what's out there. The motion detector will notify you each time it takes a shot when it senses movement, so I had to turn that off (since we have a lot of windy days and nights here). Rain will also trip the motion detector. You still get all the pics (just not the pings) when you turn that feature off. I love this camera!, and it was fairly easy to install after picking a spot to install it. I might even get a second one to install on the other side of the yard.",首先也是最糟糕的是，尺寸不对。是6 x 10，不是7 x 8。其次，你得到三个屏幕保护膜，但只有一包应用材料。其中包括一张湿巾（干得像骨头一样）、一张干巾和一块2英寸的超细纤维布。这些湿巾是我见过的最小的。由于湿巾太小，试图清洁屏幕而不碰到手指几乎是不可能的。而且，就像我说的，湿的那张本来就是干的。我不得不自己提供酒精。而且他们只提供了一张屏幕保护膜的湿巾。我想另外两张你得自己想办法了。其中一个保护膜到达时就有折痕损坏。这一定是在发货前发生的，因为不可能只折坏一个而不影响另外两个。屏幕保护膜的质量似乎很差。它非常磨砂，似乎抑制了设备的触摸灵敏度。我唯一能说的正面的事情是它很便宜。但它甚至不值这个低价。,,
K068,background,19634,0.0002,"These are good walkie-talkies. I like the flexibility as far as power. We use the rechargeable batteries to save money, but you can use AA also. I also like that because when my son goes camping, he can bring extra batteries so it lasts longer. It has a lot of weather information, which is good, especially when camping.<br /><br />These were easy to use. They are compatible with other FRS/GMRS radios, which is great for us. We have a variety of these radios and a big family. I thought they worked pretty well. They were clear and had fairly good range. I really like the micro-USB charging option too. These are good for adults and for kids. They were pretty easy to use. I would recommend them.",收到这个保护套时，我首先注意到它看起来不像真皮，闻起来像塑料。我查看了所有接缝，发现材料似乎有布料背衬，这进一步让我质疑材料的构造。盒子上的说明指出这是BestBuy公司的产品。我打电话询问这个保护套实际是用什么材料制成的，得到的答案是聚氨酯。公司们已经习惯称这种材料为PU皮革，但BestBuy决定将其改名为铂金皮革。我注意到描述中没有任何地方称其为“真”皮，这应该是我的第一个线索。我想要一个真皮保护套，而不是聚氨酯制成的。保护套的做工不错，但看起来经不起日常使用。你还会失去Surface 3上集成支架的使用。我在腿上使用Surface 3，保护套上的支架不够宽，但在桌子上还可以。这不是我认为的轻量级。它重1磅1.5盎司。几乎和没有键盘的Surface 3一样重。它确实为Surface 3提供了一些保护，我喜欢它有笔环可以放触控笔。这些是给三星评分的唯一原因，因为我曾想给一星，因为虚假宣传。但只要你了解细节，这个保护套和Surface 3可用的少数几个选项一样好。不过这不是我会使用的保护套。我会继续使用我从中国直接购买的那个，直到找到更好的。,,
K069,background,60510,0.0008,"I don't normally write bad reviews, but this product is absolutely trash and a waste of money. My wacom tablet still responds to the edge of my palm even while wearing the glove. I was hoping to stop accidental marks and movements but there's close to no palm rejection.<br />On top of the lack of functionality,  its a really small glove. I get that I have man-hands, but it's by no means a one size fits all.<br />I expected a stellar product for an item with 4.5 stars from over 5k people.  But I was unfortunately super disappointed :(",照片质量差。相机质量廉价。没有内置内存。廉价的触摸屏控制。,,
K070,background,54995,0.0002,"Works way better than the PNY 128 gb I purchased. I purchased a flash drive for my ViewTV converter box so I could pause live tv and skip commercials. The PNY was not fast enough, the new jump drive I purchased is plenty fast except for the high definition football games, the lips are out of sink but that'd a small price to pay for skipping commercials. I'm pretty sure I would have to spend big bucks on a SSD Hardrive for it to work flawlessly. All in all this is a great drive for PVR function, the faster the better.",[[ASIN:B008S2DC1Q Tribeca 真皮公文包式保护套，适用于 Kindle Fire，浆果金属色]]非常漂亮且有光泽，因为昨晚才从盒子里拿出来，所以闻起来有股怪味，握持舒适，用四个弹性角将 Kindle Fire 紧密贴合，有一个搭扣封口，当 Kindle 在平坦表面上以横向模式使用且保护套向后折叠时，搭扣可以折回插槽中，比一般的好，但不算出色。它比我先前的保护套更轻，手感更好，但由于几个原因，我并没有完全被它说服。每当配件到货时带有难闻的气味，我都不高兴，我发现有必要暂时取下 Kindle，让保护套通风。包装上写着：“对开设计可转换为具有多个观看角度的支架。”我只能在正确折叠支架的情况下以一个角度观看。搭扣封口很牢固，但将其穿过固定器是额外的一步，而且搭扣有点长。我想随着频繁使用，这会有所改善。真皮外观是一种薄皮革，具有不规则的金属质感，但我不认为“缓冲”内衬能在意外跌落时很好地保护设备。Tribeca 声称：“你不无聊，那么你的配件为什么要无聊？”这是个朗朗上口的短语，配件也有点可爱。它很容易找到，因为这款很亮，而且确实在颜色上有所表达。我认为这是个不错的产品。<br /><br />2013年3月27日编辑：我喜欢这个保护套，但三个月后内部仍然有奇怪的气味。除此之外，它的状况很好。,,
K071,background,72358,0.0001,This was an easy test unit for my OTA TV antenna.  Plus it has many other features that I did not expect.,我原本期望收到照片中展示的商品，其插头是“L”形的。结果我收到的却是直插头，就像用了两个月就坏掉的那个一样。我的第一个Sleep phones的左扬声器坏了。我原本希望替换扬声器上的“L”形设计能更耐用。为什么我没有收到列表中图片所示的那款？好吧，我打算试试这些，如果左扬声器再次坏掉，我会退货并要求全额退款。我一点也不满意。,,
K072,background,15939,0.0001,I have been using this for three months now and this product is great. It was easy installing a hard drive and my Windows 7 system recognized the device as soon as I plugged it into the USB3 port on my machine. I actually bought another one because the first one worked so well.,我今天刚收到Echo Show 5，到目前为止它只带来了烦恼。随附的电源线似乎松动，因为如果我移动电源线或拿起设备，设备就会关机再开机。此外，时钟显示似乎也不正常。我把它设置为现代风格，带有翻页数字——没什么花哨的，只是黑底白字，方便查看。但几分钟后，数字颜色变成橙色，数字尺寸也变小了。我已经关闭了所有会根据一天中的时间或环境光线改变显示的设置。非常烦人！,,
K073,background,48877,0.0001,A lot of shark stickers more then I thought there would be.,这些耳塞用起来不错。我们使用它们没有任何问题。它们戴在耳朵里还算合适。声音出来得挺好。它满足了我们的需求。和描述的一样。它们很隐蔽，不容易被注意到。这让使用它们方便了很多。它们相当舒适。我们没有任何问题。<br /><br />我喜欢它们是无线的。不用担心线缆真是太方便了。,,
K074,background,90422,0.0002,"So far so good, it has more room and weighs less than the bag it replaced. I was a little worried about weather resistance, only because my old computer bag is a more rubbery outer shell, but it has made a few trips to and from my parking space to the building with no issues, no water inside and it beads and runs off the outside.",我原本只打算把这个保护套当作另一个键盘的底盘来用，因为它正好是我想要的iPad的外形尺寸，但键盘只是勉强能用。大家都说这个键盘很重的原因是，键盘下面有一大块配重板，用来防止它翻倒。本来可以做得更好，因为整体内部重量更少、但更多重量朝向用户，也能达到同样的目的。另一个糟糕的设计选择是，要拆开它，你必须去掉蛤壳内侧的光泽饰面，那是一大张贴纸，覆盖了大约15颗螺丝。不可能在不完全破坏美观的情况下打开这个产品。对我来说不是问题，但这是糟糕的工程实践。总的来说，外形尺寸很好，我喜欢Apple Pencil的收纳位，它能很好地固定住笔，但组装本可以更好。,,
K075,background,65831,0.0006,"I have had this watch now for 5 months. It worked great unitl I went swimming with it and It quit working all together for about a day then when it dried out it came back on but all the sleep tracking, steps, and heart beat tracking had stopped working all together! At most times the auto wake up screen feature won't even work. Sometimes the link up showing ur notifications from my phone apps wont register on my watch either.... I am sooo extremely disappointed spending almost $200 on a smart watch that says u can swim with it up to 50 meters!  I went against my better judgment and the past reviews from here and swam with it. I extremely regret it!",我对这个背包的第一印象已经体现在标题中，进一步的调查也强化了这一印象。设计不错，与其他同类背包相似：有几个宽敞的隔层，包括一个带衬垫的笔记本电脑隔层。有外部网眼口袋可放水瓶，顶部口袋可放手机或iPod，多口袋的前隔层可放笔和卡片等。这些都很好。然而，与我认为“近乎完美”的背包（例如我几年前买的LLBean背包）相比，这个背包未能达到标准，即使考虑到价格较低也做出了一些让步。背部感觉像用纸板撑起来的，听起来也像。内部材料像纸一样沙沙作响（确实如此），我觉得这莫名地令人不快。整个东西有一种“廉价背包”的外观和感觉，降低了我对它的喜爱和信任。我认为亚马逊多收10-15美元并提供一个更好的背包会更好。如果迫不得已我会用它，但我可能会把它作为备用（最终送人），并继续使用我的旧背包一段时间。,,
K076,background,35976,0.0003,"These glasses are the perfect gift for the minecrafters in your family.  We've only been playing mine craft since the summer and already it's become a favorite.  When my hubby and son figured out they could play a 3-D version, we pulled out the paper 3-D glasses that came in a box of cereal.  Quickly it became evident that if we were going to use the 3-D function, we'd have to get better glasses.<br /><br />First off, I didn't realize there were so many different kids of 3-D glasses, some are red and blue, like these, and some are red and green, which means there are two images, a red image for one eye and a blue image for the other eye.  When Jaws 3-D came out there was an urban legend that if you didn't have the 3-D glasses, the movie would be invisible.  Crazy and completely untrue.<br /><br />But the newer kind of 3-D, like what you see if you watch a newer 3-D movie (like the upcoming Star Wars) uses a new system, called polarization (two projections of the movie are shown and your eyes are fed both images simultaneously, creating a 3-D effect), for a polarized movie you get those black glasses they give you when you buy a movie ticket.<br /><br />Those black glasses will not work on an old style red/blue or red/green 3-D game or movie (we checked, just to make sure!).<br /><br />My only complaint with these glass are the fit, they slide around a bit and on my son, they slide down a lot.  But other than that, they are great.",我们把沙发拆开，掀起地毯，搬动电视，我甚至检查了冰箱！但运气不佳，那个控制我们看什么、何时看以及是否看任何东西的微小白色晶片不见了。<br /><br />我打电话给老公，想知道有没有办法不用它看我喜欢的节目，电话那头只有可怕的沉默。所以我们订购了替换品，一个备用和一个备用的备用。呀吼，电视！<br /><br />我喜欢一边看节目一边叠衣服，所以我去把洗好的湿衣服从洗衣机移到烘干机，听到有东西掉落。某种硬邦邦、塑料质感的声音，是遥控器！<br /><br />在我们唯一没找的地方：洗衣机里。显然遥控器在我甜心的浴袍口袋里，他把咖啡洒在浴袍上，交给我洗。所以现在我们有一个干干净净的遥控器。为了好玩，我把它拿到客厅，对着电视按，嘿，更奇怪的事都发生过！遥控器工作了！除了向上按钮，不知为何，你可以向下、横向滚动，菜单按钮总是让你返回上一级，但就是不能向上滚动。<br /><br />长话短说，这些是相当有韧性的遥控器。我洗的衣服没有用轻柔模式，它们经历了甩干循环。神奇吧？现在只要我能找到一个这么耐用的搅拌机，生活就完美了。,,
K077,background,40982,0.0001,This is approx 5 ft tall and very sturdy design. I am pleasantly surprised on the quality for the price!,我在这个网购星期一订购了好几个，因为我们都喜欢去年买的那些。<br /><br />但这些不一样。感觉更便宜、更小、更轻、更不结实、更粗糙。<br /><br />睡眠功能也变了：旧的可以通过移动它们来唤醒并重新连接，这些需要按一下按钮。一旦按下按钮，大约一秒后就会连接……<br /><br />但接着它会把这次点击发送到你的电脑上！！点击到之前不存在的指针碰巧所在的位置。<br /><br />所以你点击一下，一秒后某个东西被点击了。幸运的是，这对流媒体服务来说足够好用，因为这相当于暂停/取消暂停。,,
K078,background,27350,0.0002,"Outstanding looking/feeling product for the price. Long term durability remains to be seen but the tripod presents very well. Materials are well fabricated, fit and finish is tight. Packaging is sparse but sensible. I expect to get good use from this tripod in a variety of scenarios. I plan to update this review with use.",我去年九月购买了这款摄像头和户外摄像头。我相信了那些评论，说你应该从Foscam（而不是亚马逊）购买以获得技术支持。所以，我照做了，结果我很后悔。<br />我在设置这个摄像头时遇到了麻烦，确实从技术支持那里得到了帮助，他们告诉我必须使用Internet Explorer来进行设置。所以，我照做了并完成了设置。<br />我的下一个问题是摄像头不断自行重置，最终指向天花板。这种情况一次又一次发生，我多次打电话和发邮件给技术支持，但从未收到回复。这非常令人沮丧，因为我回到家时它指向天花板，当然没有拍下它应该拍的照片。<br />所以，在数周的沮丧之后，我决定退回摄像头。终于，我收到了Foscam的回复，他们告诉你只有14天的时间退回摄像头（尽管网站上没有提到这么短的退货期）。<br />最后，他们让我退回了摄像头，然后他们扣除了补货费！再次，他们不回我关于为什么在他们的摄像头有缺陷时还要收费的电话。<br />很遗憾我没有从亚马逊订购,,
K079,background,28569,0.0001,So easy to use that I only had to show it to my elderly mother and step-father once.,摄影棚通常很简单；它通常只是一个五面的盒子，带有某种背景布和一条LED灯带。Heysliy Light Box Photography 摄影棚就是这样，没有更多。设计为便携式，盒子可以折叠平放，并配有一个手提袋，可以很好地存放套件中的所有物品。<br /><br />不幸的是，其实施方式有待改进。盒子由一张半透明塑料片切割后折叠成盒。翻盖通过一个勉强够紧的螺旋盖连接，这个盖子容易丢失，因为它实际上不是盒子的一部分。塑料本身是硬的，但有弹性记忆，这意味着它想折回存储位置，除非先将翻盖向外折叠，否则会削弱盒子的侧面。总体而言，结构相当脆弱，设置起来可能很棘手。<br /><br />Heysliy 摄影棚配有四个背景布，由一些可重复使用的购物袋所用的类似纸张的材料制成。颜色是黑色、白色、绿色和红色。背景布通过材料上切出的孔和塑料盒上切出的标签悬挂。任何用力拉扯都会撕裂背景布，所以要小心。<br /><br />所以结论是，盒子设置起来很烦人，而且由于LED灯安装在盒子内部，反射将是一个大问题，正如我的照片所示（图中为任天堂Switch作为尺寸参考）。,,
K080,background,7100,0.0001,Exact color wheel that came with my DLP unit.  Was abe to replace it myself but I must admit that its not something that should be attempted unless you're absolutely comfortable with this kind if projects.  Its been many hours of use since and all seems well so far.,购买后他们发邮件说，如果你的iPad没有硬壳保护套，这可能会损坏你的iPad，我就取消了订单。我没有硬壳保护套，也不打算买一个，所以我不会用那么强有力的绳子把我的设备绑到什么东西上，那可能会压碎/压凹/损坏我的iPad。听起来需要重新设计，或者购买时赠送免费硬壳保护套！！！,,
K081,background,70686,0.0003,"I'm not big on giving my children electronics but once in a while its a good option to have to keep them active and quiet (like when you are trying to enjoy a meal at a restaurant) This tablet is ideal for toddlers, and young children. It's not too heavy, and a good size to be held. I think some kind of stand up option wouldve been nice, but could only be held in your hands. You could probably buy something that could be attached though. All 4 edges of the tablet have padding to help protect it from drops, and the rest of the tablet is plastic material. It has a front and rear facing camera, and great parental controls. You could make each child an account and select which apps are available for them. It comes with a few pre-downloaded apps, but it connects to wifi and google play to download additional apps. It charges pretty quick, comes with 2 wire connectors, and the home screen features folders to organize different apps. Both of my kids  (1 & 7) are enjoying it so far. Will update if I have any additional information",如果你想要一个可爱又能快速完成任务的东西，这绝对是值得购买的产品。不过，我要提醒买家，因为远距离时画质非常差，而且我需要连接一个扬声器（非无线）到投影仪上，才能听到我的幻灯片声音。这是我只会用一次的东西。如果我打算用它看电影之类的，我将不得不投入相当多的钱买一个更好的产品。你绝对会得到你所付出的。,,
K082,background,2143,0.0004,"Anyone who has an iPad wants to protect it from scratches and dings.  The flexible cover that most users have is fine for the screen, but what about the back?  This Belkin Snap Shield is the answer.  It was very easy to attach the shield to the iPad2, and there is a magnetic bar to hold your screen cover in place if you are not folding it up as you use your iPad.  In addition to protecting the iPad from scratches, it also keeps fingerprints from the surface.<br /><br />In my opinion, the only negative is price.  When I first opened the box, I was astonished:  Is this it?  I wondered.  I do not own any other protective shields, so I do not know if the less expensive ones are flimsier and therefore less effective.  I do know, however, that I want to protect my iPad2 finish, and this cover will suit very nicely.",产品与描述相符，看起来很棒，起初工作良好。大约一周内（甚至可能更短），它开始随心所欲地开合。它还（随机地）发出可怕的噪音。我们喜欢这个界面，但它就是不能以正确的方式工作。产品到达时完好且包装妥当，似乎没有任何类型的损坏，不能确定是否在运输途中被撞击，也许这导致了问题，或者它只是一个坏苹果。,,
K083,background,73727,0.0003,"I love this thing! I only returned it because I didn’t get it in time for my travel and searched high and low for any local stores to sell them and I found 1! Prices were pretty much the same everywhere online.<br /><br />I went through my carrier, Verizon and sure you can get a jet pack or some mobile WiFi device but you still have to pay monthly charges (like a mobile phone) which isn’t worth it for me. I don’t travel often so I don’t want to pay for something I won’t be using.<br /><br />This device is awesome! You don’t need a SIM card which seemed like a requirement for other mobile WiFi devices during my search. They have many plans you can choose from or pay as you go. It’s wireless and charged fully quickly. You can track your usage and purchase more data (if you’re not on an unlimited plan). Once you’ve used up data, you’re cut off so there’s no surprise overage costs.<br /><br />The app for me wasn’t as user friendly but support was available right away via app. I they believed there was a glitch with mine. The remaining data kept changing (significantly) at first. After resetting it, seemed to fix the problem.<br /><br />I didn’t see an option to have users enter password every time. My kids set their devices to auto connect so they would connect without knowing (if I didn’t check usage). This drained my data. The other negative thing I would say is that it tells you how many devices are connected but not who or what is connected unless I just didn’t see the option (again, not user friendly to me). All this is minor given my research on what was available.<br /><br />Why didn’t I use my Verizon hot spot? I wanted to make sure I was able to connect without issues and upload/download without issues. My experiences with the 4g hot spot was terrible. The 5G isn’t as bad (but I didn’t know that since I had just upgraded my phone).",我有另一个非常相似的支架，这个的几乎每个部分都和那个一样坚固、做工一样好。但是，这个吸盘所在的塑料底座是平的，不是弧形的，而那块平塑料很容易弯曲。所以，在颠簸的路面上，这个的臂会相当剧烈地振动。如果它不这样振动很重要；如果你打算在颠簸路面上行驶的车辆中使用它，它不会好用。我有的另一个，我不知道品牌或在哪里购买的，在最颠簸的路面上都稳如磐石。它上面吸盘所在的板是弧形的。它不会弯曲。这个会。,,
K084,background,5775,0.0001,Easy to use and keeps cords out of site.,我最终永久丢失了我的钥匙和钱包，现在已经过去十多天了，什么都找不到，它们就是停止工作了。我非常沮丧和愤怒。我希望新版本会有所不同，因为这些不值得让人头疼！,,
K085,background,49889,0.0001,"Nothing like standing over your ball and knowing front,back and middle yardage. Must have for any golfer. I love this product!!!",和我一起健身的两个人买了这个，我也买了。他们买的那两个用了两个月就出问题了，然后他们就把它们扔了。我的用了三四个月然后开始坏掉。基本上就是垃圾。浪费钱。用不了多久。多花点钱，买个能真正用超过90天的东西吧。,,
K086,background,7486,0.0001,"I bought this a year ago and used it in international travels. Worked great. However, in retrospect, the money is better spent on a regular portable charger with an AC input adapter, like a Halo portable charger or something like that.",它不太好用，总是往上跑，而且夹不住线。,,
K087,background,6047,0.0001,Finally used it it works really great highly recommended,当我第一次打开我的时候，我对凉爽的空气印象深刻。我只开了几分钟。一小时后，我戴上它去办事，然后我意识到这东西不制冷。它只是循环周围的空气。随着我周围的空气变暖，颈扇吹出的空气也变暖了。辜负了我的期望。,,
K088,background,94449,0.0001,It was and still is very helpful! Great to refer back to!,更新：我以为我有6个月的试用期，但仔细检查后发现实际上只有1个月的试用期。所以在接下来的5个月里，它按广告宣传的那样工作。但最近不知何故，他们禁用了在没有订阅的情况下从APP查看本地剪辑的功能（可能是最近的更新）。现在当我点击保存的视频时，它说需要订阅。这让我感觉更糟糕了……<br /><br />----<br /><br />我选择Blink的原因是它声称支持本地存储和查看。在试用期的前6个月里，一切看起来都很好。然而当试用期结束后，我发现本地存储只是个笑话！他们在广告中承诺的任何东西都不存在！<br /><br />1. 你无法从APP查看录制的剪辑。<br />2. 如果你认为你仍然可以通过将本地存储模块的USB驱动器插入电脑来录制剪辑，那你还太年轻。本地存储模块只包含一周前的视频。如果你想查看今天发生的事情，那么视频在云端。再次，你必须购买订阅。是的，他们实际上将视频保存在云端，然后下载到本地存储模块。你购买的本地存储模块只是帮助他们节省一些云空间。真是个有趣的笑话！,,
K089,background,73739,0.0001,Got this for my husband’s truck. He likes it and it was easy for him to use it especially since he’s not a tech savvy person! It doesn’t come with the mini SD card though so get one of those too! Maybe I need one for my car too!,两年半后，左侧的扬声器坏了。它非常耐用，我仍然拥有它，并且没有使用华硕快速维修服务，因为再过一年左右我会买一个看起来更坚固的。它看起来很有塑料感……不是俗气，只是像塑料一样非常反光。它一直为我服务得很好，而且更新的设计比这个型号的过时风格更好。,,
K090,background,49376,0.0004,Had to return as the mouse was 'sticking' quite a bit. Very annoying.,其中一个耳塞一直断连。充电没问题。用了一次就发现其中一个耳塞短路了，不再喜欢它了。,,
K091,background,7887,0.0002,"I really like the crossover strap feature since I just started using a cane. The pouch itself was too small for my needs. If you want to carry your cellphone, lipstick, car keys and a small change purse this is ideal. If you need to carry more this may not work for you. I was disappointed that I had to return it. I needed something a lttle larger.",买了两条装。一条线缆刚坏了。没有；我找不到拉伸、撕裂、断裂的痕迹。就是停止工作了。已过保修期。,,
K092,background,77271,0.0008,"There really isn't a lot to say about this adapter, which is a good thing--it just does what it says it does and does so seamlessly and easily.<br /><br />""installation"" couldn't be easier<br />1) plug it in to the wall<br />2) cable it to your stereo with the attached cable/wire<br />3) pair it with your bluetooth device<br />4) play your music<br /><br />My review is limited to connecting via my Apple devices:  a Touch and a laptop. Both worked without any issues whatsoever.  I noticed that some reviewers have said they need to repair each time; I haven't experienced that problem.  I bring my Touch back into the house, turn on the stereo, hit play on the Touch, and out it comes.<br /><br />I am not an audiophile by any stretch of the imagination so keep that in mind, but personally I don't notice any drop off in quality when it plays through.  Nor does it ever drop the signal.<br /><br />It's small, discrete, easy to hide or blend in with your stereo.  It sits there unobtrusively and lets me play my music collection or Pandora without any hassle of set-up or maintenance.  It just works.  Highly recommended!",我没想到需要像智能手机一样每天给这个物品充电。我听说使用背面的电源关闭按钮可能比前面的那个效果更好，不过那个按钮在橡胶密封下面，要接触到并重新密封有点麻烦。在我看来不值得费这个劲；我要退回这个扬声器，去试试别的。,,
K093,background,20928,0.0004,"[[VIDEOID:5f99a990ea71fc33e4d54b09c37038e2]] EDIT January 2023: I originally complained that Bluetooth used to only reconnect to the last phone used. This is an issue with all of their Android powered head units apparently, as the S8 did the same. However, I'm happy to say that customer support came though with a modified firmware that FIXED the problem! It will try to connect to the last device, but if not found will move on to connect to other previously-paired phones, as expected. I am now very happy with the unit for the asking price. Definitely would recommend!<br /><br />Originally review follows:<br />Before I go into what I don't like, let me tell you what this product is:<br />This is a buttonless edition of their popular A6 PF head unit. I can't tell if it is identical to the button version internally, but if you like the look of a smooth bezel-less design, this is the head unit to try!<br />I have tried and owned a few of their devices and largely love what you can get for the money. That's not even counting that their customer support has been EXTREMELY responsive! However there is one major user experience problem I just can't get past which makes it hard to recommend this to my friends.<br />If you are the only driver of your car, you'll likely never know or care about this, but all of Atoto's Android powered units (S8 included) will only pair automatically with the last phone used. That means if you share the car with other family members, and they drove the car last, your phone won't auto-connect next time you drive. It will be stuck looking for THAT phone (the last one) in perpetuity. You had to manually go into the settings for BT1 and find the list of paired phones, then click on yours, and THEN it will connect. Only to repeat this process the next time someone else drives and wants their phone to connect. It's silly, honestly. Their F7 doesn't do this, but the S8 also did. Most name-brand head units will move on to the next device in their paired list if the last one isn't found, I don't see why this device can't do that. They claimed it has something to do with security and specifically with Android units (which would be why the F7, based on linux does not have this limitation?). It does not make any sense to me and is a complete user experience failure, to the point that my wife has told me she might want us to go back to our old OEM head unit- at least that one would auto-connect to whoever is driving the car, regardless of who drove it last!<br />See attached video for demonstration.",我最终取消了这笔订单。性价比不高。,,
K094,background,68246,0.0002,I love how I can charge my phone anywhere in my room without having to plug and unplug things I can use any outlet now.,这是一把不错的熨斗，但我不习惯熨斗底面没有一直延伸到最底部，和我以前所有的熨斗都不一样，而且我经常在不想要的时候碰到蒸汽按钮。它还到处都说适合用自来水，但你应该“在不使用时排干所有水并擦干”。当我去注册时，这个型号在网站/应用/短信/任何地方都不存在，无法注册。我沮丧地给客服发了邮件，他们说：“抱歉，别担心，注册反正也没什么用”……所以我想我应该感谢这份诚实……它到货时是装在自己的盒子里，盒子非常破旧——熨斗的尖头已经磨破并戳穿了所有纸板，有点弯曲，我不得不用尖嘴钳撬开卡在里面的纸板翻盖。它熨烫得非常好，旋钮只写着丝绸、棉或牛仔裤，所以我更喜欢旋钮列出所有常见面料的时候。两个蒸汽设置工作得很好，但太容易碰到。其他评论者说得对，在几乎任何光线下，由于深色，你都无法看出水箱有多满。它还会在放入熨烫位置时随机滴水，按钮上没有压力，之前也看不到有积水。当它在我一直需要的时候自动关闭时，我真的很恼火，现在我只是改变做事方式，尽量把多个项目分阶段做，这样我一次熨烫一堆。我最近刚开始做我的第一条被子，但有时我必须熨烫一堆接缝，我每次都得“唤醒它”……我还傻傻地期望这个价格能有可伸缩的电源线。总之，做工好，价格贵，我确实期望它能用一段时间，尽管有所有这些不满，我还是喜欢它。所有关于注册之类的附带东西都是垃圾，没人想到要覆盖所有型号！,,
K095,background,86833,0.0002,This is a really solid purchase.  The case goes on perfectly and the cut-outs are spot-on. It does not add much bulk at all. Would recommend. I just wish this case came in some patterns and colors- it's on the plain side for my taste. Good protection.,更新：产品在质量方面经受住了考验，但问题仍然存在，它太软了，无法自己保持形状。它需要一个坚固的框架。除非你愿意花钱找当地的修鞋店或皮具工匠为你定制骨架，否则不要选择这个尺寸。<br /><br />首次评论：总的来说，我喜欢这个包。我今天刚收到。它很吸引人，但确实缺乏稳定性，因为它很软，无法自己立起来。如果他们用一些坚固的、不会弯曲的东西作为皮革缝制的骨架，那就更好了。我这个周末要用它进行一次短暂的商务旅行，所以我们看看它表现如何！,,
K096,background,57714,0.0004,"Most USB wall chargers these days can handle the commonly used international voltages. The problem is the prongs that fit into the wall outlets. If you travel a lot internationally, this is a great product for you. The documentation says it handles USA, Australia, UK, and European standards. All the Asian countries that I have visited use these plug configurations as well (usually the US or EU styles, possibly with different voltages, but this plug handles that as well).<br /><br />Many cheaper multi-plug converters are very flimsy and don't last long. This one is sturdier than most.<br /><br />Really nice to have the USB sockets (including USB-C) built in, though the USB-C port unfortunately does not support USB Power Delivery fast charging. For people traveling light, this little gadget is all you need.",我最近买了一台50英寸电视，接上同轴电缆后，画面非常糟糕。<br />我以为我的机顶盒没有HDMI接口，也以为HDMI线长不超过6英尺。幸运的是，这两点我都错了。<br /><br />即使用同轴电缆，连频道列表都模糊不清，所有暗场景都无法观看。<br />现在电视上一切都清晰漂亮。暗场景也很容易看清。<br />换连接方式非常值得！,,
K097,background,87596,0.0002,"As a senior with mobility problems, I appreciate the sturdy quality of this product. It's great for seniors and children alike.",我真的很喜欢我的新Oasis，但恐怕这将是我唯一的一台。对于亚马逊尚未解决的问题来说，价格太高了。听听那些评论吧。电池续航很糟糕；我大概能用一周左右（我每晚阅读大约20-30分钟）。这款高端、顶级的电子阅读器还有一些升级尚未实现，我不明白为什么。例如：为什么我不能直接从设备上删除一本书？为什么我不能在设备上对书籍进行分组并建立收藏？我希望有一种方法可以控制加速度计，以避免切换屏幕方向；有时我只是在床上翻个身，整个页面就切换了。当然，我确信有办法解决，但那样我就得离开我的“阅读体验”去摆弄我的Kindle，在我看来，这违背了拥有专用电子阅读器的全部目的。总之，各有所好。我真正喜欢的两点是暖光和翻页按钮。迄今为止，没有其他电子阅读器能像旧的B&N NOOK那样，裸机（即不带保护套或外壳）握持起来那么舒适。它的背面是凹形的，覆盖着防滑硅胶。老实说，握持起来很愉快，非常轻巧且符合人体工学。有按钮。我仍然保留着我最初的那一台。亚马逊应该把这些事情放在心上，真正改进这些设备的整体设计，以及我提到的所有其他方面，因为不只是我一个人这么说。,,
K098,background,62047,0.0001,Worked well for transferring my old hard drive to a new SSD,很棒的产品，只是尺寸不对,,
K099,background,7559,0.0001,"Streamlined way to ad additional outlets versus other products.  Works fine & plugs go in & pull out easily, but don't get knocked out.",绝对不值这个价。我相信市面上有更好的产品，但我想我只能将就这个了。我已经用了一个多月了，尽管我每隔一天就擦拭一次，颜色还是不断染到我的衣服上。我明白掉色是正常的，但这太离谱了。没人想穿着浅色衬衫在办公室里走来走去，上面还带着棕色污渍。<br /><br />另外，前面的扣具很不方便。它们时不时会卡住，而且如果你打算装超过一台笔记本电脑和一个笔记本，那就别指望能扣上了。我甚至不再尝试使用（顶部的）拉链了，因为它拉不上。<br /><br />不过，如果你不打算装太多东西，并且经常穿深色衣服，那它还是挺好用的。<br /><br />更新：这个垃圾玩意儿一直在毁我的白衬衫。我已经用了好几个月了，尽管我经常擦拭，颜色还是不断染上去。现在，我只有一个半可用的邮差包，还花了80美元想找个更好的。再次强调，继续找吧。,,
K100,background,20333,0.0011,"I added three of these ST12000VN0008 12TB drives to my Synology NAS a few months ago and could not be happier.<br /><br />I purchased them through Server Parts Deal and they contacted me to make sure everything was perfect which it was - packaged excellently with plenty of protection (which is not always the case).<br /><br />The drives honestly could not be working better. They just keep humming along in my NAS providing constant data across my network.  In fact, they are working so well I’m considering ordering more now from the same company.  I believe in supporting companies that go the extra mile and this company is one that does.<br /><br />My experience with both the drives and Server Parts Deal has been nothing but excellent and I recommend them both 100%.",我的旧无线鼠标终于坏了——太多次掉到硬木地板上。我买了一个和旧的那个相似的，还有这个。这个更扁平。我最终选择用这个。它加载很快，用起来非常舒适。点击声非常非常轻——几乎无声。说了这么多，如果有新信息看起来有用，我会毫不犹豫地更新我的评论。,,
K101,background,84106,0.0004,Did not work as expected - still no clear signal in my kitchen.,没有达到预期效果——我的厨房里仍然没有清晰的信号。,,
K102,background,208,0.0001,"The product looks good and should protect the keyboard.  However, removing it from the packaging was difficult.",产品看起来不错，应该能保护键盘。但是，从包装中取出很困难。,,
K103,background,92648,0.0001,Skip the overpriced brick and mortar stores and buy it here. Great price and quality!,跳过那些价格过高的实体店，在这里买吧。价格和质量都很棒！,,
K104,background,90568,0.0001,"Worked great out of the box with Cox cable. Easy to install, quickly activated with Cox and I returned my rental. Has been stable ever since.",开箱即用，与Cox有线电视配合良好。安装简便，很快就在Cox激活了，我还退了租用的设备。此后一直很稳定。,,
K105,background,66199,0.0001,"Bought for my husband to use for game play on Steam, and he loves it.",买给我丈夫用于在Steam上玩游戏，他很喜欢。,,
K106,background,33918,0.0007,"Modem works fine but activation was a nightmare. Appears to be faster and more stable across multiple devices than my old SB5100. The first speedtest I did got me a full 55Mbps (max for my level of service).<br />Time Warner online activation communicated with the modem but then failed. This sent me to activation support where a polite lady in India wasted an hour of my time. Finally I got through to &#34;level 3 tech support&#34; and my modem was activated in less than 5 minutes. The issue was because the modem had been registered to a previous owner (refurbished -- duh!) and the activation needed a lvl 3 tech authorization to move it from one account to the next (kicker is that it was likely TWC who sold these refurbs in the first place!).<br />Please learn from my mistake, try the online activation if you like but if it fails after already recognizing your new modem (step 2), give up and call TWC &#34;level 3 tech support.&#34; Make sure you have the MAC # which is on the bottom of the modem.<br />Or if you have any alternative to TWC then do yourself a solid and switch providers.",调制解调器工作正常，但激活过程简直是噩梦。在我的多个设备上，它似乎比旧的SB5100更快、更稳定。我第一次测速就得到了完整的55Mbps（我服务等级的最高速度）。<br />时代华纳的在线激活与调制解调器通信了，但随后失败了。这把我引向了激活支持，一位在印度的礼貌女士浪费了我一个小时的时间。最后我接通了“三级技术支持”，我的调制解调器在不到5分钟内就被激活了。问题在于这个调制解调器之前被注册给前一个所有者（翻新机——废话！），激活需要三级技术人员的授权才能将其从一个账户转移到下一个账户（讽刺的是，很可能就是TWC最初卖出了这些翻新机！）。<br />请从我的错误中吸取教训，如果你愿意可以尝试在线激活，但如果它在已经识别到你的新调制解调器后（第2步）失败了，就放弃并致电TWC的“三级技术支持”。确保你有MAC号码，它在调制解调器的底部。<br />或者，如果你有任何替代TWC的选择，那就帮自己一个忙，换供应商吧。,,
K107,background,35481,0.0001,Very pleased with the case. It it snug fitting and overall a good product. Only thing is I already lost the stylus after two weeks.,对这款保护套非常满意。它贴合紧密，整体是个好产品。唯一的问题是，两周后我已经把触控笔弄丢了。,,
K108,background,67204,0.0001,Wow!  No complaint from me.  This cable works well.  I watch Amazon prime TV shows every night and it looks great!  Works like a charm.,哇！我没有任何不满。这根线缆工作良好。我每晚都看亚马逊Prime电视节目，看起来很棒！效果很好。,,
K109,background,34539,0.0002,"Won't connect esp. after they ""updated"" the software; threw it out. Sick of Amazon BS.",无法连接，尤其是在他们“更新”软件之后；我把它扔了。受够了亚马逊的垃圾。,,
K110,background,29513,0.0004,Does NOT fit the SMH10-11. Seems kind of fragile too.,不适合SMH10-11。看起来也有点脆弱。,,
K111,background,85516,0.0001,"Very good I product, the only complaint I have is it could be brighter",非常好的产品，我唯一的意见是它可以更亮一些,,
K112,background,33296,0.0002,"It's a good sleeve to protect the laptop from getting scratched up in a bag. However, has almost no impact protection built into it, so it will definitely not protect it from something like being dropped.",这是一个很好的保护套，可以防止笔记本电脑在包里被刮伤。然而，它几乎没有内置的冲击保护，所以它肯定不能保护电脑免受掉落之类的情况。,,
K113,background,19201,0.0002,This is nice because it is so big compared to a lot of these.<br />I liked this digital frame a lot. I think it is so nice to be able to see so many pictures. It really can hold a lot of photos. It was not too difficult to put them on there.<br />I thought the quality was good. It looked very nice. It really can be striking. I thought the picture was clear. The look of the frame was nice. The size worked for us. It looked like the picture.<br />These make wonderful gifts. If you are sending to a family member you can put the pictures already on there. I think they would appreciate it. I think the price was reasonable.<br />I really like that it has the app. It makes it so much easier to add pictures to it. It is also nice that you can add pictures from wherever. It worked okay.<br />I would recommend this.,这很好，因为它比许多同类产品都大。<br />我非常喜欢这个数码相框。我觉得能看这么多照片真是太好了。它确实能存很多照片。把照片放上去并不太难。<br />我认为质量很好。它看起来非常漂亮。它确实可以很引人注目。我认为画面很清晰。相框的外观很好。尺寸适合我们。它看起来和图片一样。<br />这些是极好的礼物。如果你寄给家人，你可以先把照片放上去。我认为他们会很感激。我认为价格合理。<br />我真的很喜欢它有应用程序。这让添加照片变得容易多了。你也可以随时随地添加照片，这也很不错。它运行得还可以。<br />我会推荐这个。,,
K114,background,1943,0.0002,"I love the magnetic cords....but this is a step above. The pivot is a great function added to the cords!<br />I didn't have a problem until I got a new phone and a bulkier cover for it. The magnet going into the phone was OK, but the sideway version of the cord didn't fit well.....<br />Problems solved with this cord..... and no chance ever for a frayed or broken cord.",我喜欢磁吸线……但这个更胜一筹。旋转功能是添加到线材上的一个很棒的功能！<br />直到我换了新手机和更厚重的手机壳，我才遇到问题。插入手机的磁吸头没问题，但侧向版本的线材不太合适……<br />用这根线解决了问题……而且永远不会有磨损或断裂的线材。,,
K115,background,2727,0.0004,"I bought this for my keyboard on my laptop, and there wasn't enough power.",我为笔记本电脑的键盘买了这个，但电力不够。,,
