row_index,prob,原文,人工判定(留空待判),备注
46119,0.998967,Looked just like the photo but they crackle real bad when turned up,,
29534,0.998334,"Soft (OOF) at the long end, distortions at the short. Wasn't good enough to keep, not for the almost $600 price. Love Tamron's warranty though. Kudo's to them for having more than anyone else.",,
80286,0.998333,Radio only picked up a couple of stations and they were too faint and staticky.  It needs an adjustable outside antenna.,,
73598,0.997596,I didn't expect to quality and sounds but it's worse than I have expected.,,
27446,0.995814,"Compared with Shotz, this unit is not loud enough",,
37444,0.995146,"Eh used these for a while, first one headphone went out and then the second headline became super staticky. Not really worth the buy because it'll only work for a short period of time, a least the pair I bought.",,
46128,0.994343,"These are cute, can be used with my iPod, but cannot be used with my computer without an adaptor, which disappointed me a bit. Then on the first use, I discovered that, when using for Skype or Zoom, there is a lot of background noise that the other people can hear. And it isn't failure of the noise cancellation, it is some kind of feedback from the buds themselves.  I bought an adaptor and in a pink I'll use these with my iPod, but not the best sounds quality.",,
441,0.974947,"I bought this thinking it was me, but I'm pretty sure it was refurbished even though it wasn't stated on the page. One of the ear buds died out and i haven't had that issue with soundcore. IF IT'S SOLD BY WOOT DO NOT GET IT, IT'S REFURBISHED ITEMS.",,
5993,0.95388,Speakers are not worth the money. Seller isn't worth the time.,,
13352,0.844654,They worked great for almost a year then the speakers or something quit working. Couldn't hear a damn thing out of them. Waste of money if they can't even last 1 year.,,
47327,0.837353,"Waste of money,,,,, can’t get stations on this radio as clear as others",,
393,0.80199,great price  -  I already had a Seagate 4TB and I had an IOMEGA for years which started making horrible sounds a couple of weeks ago .. a clear indication it was gonna die and I didn't want to lose all my music files so I purchased this to transfer files .. the only thing was I originally plugged it into a HUB and it wasn't working .. so I called tech support who then told me to plug it directly into the computer USB (I had to move a few plugs around .. they need to make computers nowadays with 10 USB ports  not 4  if a HUB wont work properly)  .... but anyway  after maneuvering plugs around i,,
20988,0.741304,"This is a decent sounding pair of budget friendly wireless earbuds. They aren't the best for the price, but they aren't the worst either. They're about normal. But one of the big features of this set is supposed to be the touch controls, however my daughter found them completely unreliable. Sometimes she had to touch them 5x before they registered to pause the music, which made her more likely to pull out the player and pause it there instead.<br />I'd say these are 4 star headphones except for that selling point failure, if you are buying these because of the touch controls, I'd have to reduc",,
85344,0.545635,Was good at first.  The quickly had problems.  Left side cuts in & out.  Have to move it around.  Basically it's no good now.  Nobody wants to fiddle with it while driving.,,
63697,0.538182,for $50 this is worth it.  Although I don't use it nearly as much as I thought I would.  My main issue with it is that half the time if it's playing music or the TV is on it won't hear me talking to it.,,
86315,0.507814,Sounds bad and will not fit any of our new dell monitors.,,
