编号,臂,原文,row_index,llm_label,人工判定(1=音质差评/0=不是),备注
C001,control,"This kit included multiple mounting options for either edge of desk or through a ""wire grommet hole"".  It came with an extra vertical rod section for mounting everything much higher than I needed, along with a lot of extra hardware for different options.  It also included tools for assembly.  Very good deal overall.",56690,0,0,
C002,control,The set of charger and cord  in a luscious  purple are very nice.  However the charger cord is  a bit loose.  I can place the phone down with every thing in place for charging .  It gives me the “ok I’m charging” ring and on the screen shows the” charging” message.  When I come back later<br />The phone is on the table and there is no charging cord plugged in.  The brand is Ailkin.,73105,0,0,
C003,control,Works great every time. I love the long cord!,88740,0,0,
C004,control,"It is able 2.5 inches deep, but yet inside we found it held a lot of storage for hardware,  the two zipper case opens up to:<br />1) right side has an expanding cover that is where you can place a hardrive.  I placed my Sony Bloggie and the charger.  Totally ample room to put another Bloggie, back to back!<br />2) left hand side is a double sided fold that on one side holds Four SD cards and ONE compact flash card.  The pockets are actually quite generous for the SD cards that I could put two in each pocket!  I think this is Greta for an avid photographer, like us! On the other side of the fold are TWO pockets for USB sticks.  I wish this side of the fold had some more pickets as there were spaces to hold USbpB sticks!<br /><br />The case it self is made of a hard plastic, still feels soft.love it very compact.  We are going to use this a lot for photography that will fit wonderfully neat in our camera backpack.  Yeah.",4110,0,0,
C005,control,When I first got it it was locked because of something with billing and it shouldn’t have been locked and it took 3 days of playing with it be for I fond out that 🙈,26840,0,0,
C006,control,"The ""name"" of this product is completely misleading!  I received this kit as a gift.  They sent 55mm lenses which do NOT fit the 18-55mm lens on my Nikon D5000 (which is an AF-S Nikkor 18-55mm 1:3.5-5.6G).  The correct size is 52mm (look inside the lens cap).<br />I will be returning these immediately as useless.<br />If you're searching for good quality lens filters, look to Tiffen - theirs are better quality than these.",37653,0,0,
C007,control,"We have several networked devices in our house and also several individualized networks configured. Not all of the networks can be seen by all devices so I looked to this Belkin USB WiFi adapter to allow one of the older computer systems to access the most reliable network in the house - a 5GHz network that only one or two of the systems can see.<br /><br />Installation was a snap. I popped in the CD, told it to install the drivers and we were off to the races. The particular target system was a 32-bit Windows Vista laptop. After just a couple of minutes the driver was completely installed and when I plugged in the USB adapter is was picked up immediately. I could see the desired network as well as several other networks in the neighborhood that were previously invisible to the computer. I shut off the built-in adapter, connected to the 5GHz network and went to the net.<br /><br />So far, the connection has been very stable and speeds have been excellent. The router to which it is connected is a TP-Link router and so far we have seen no issues between the two devices. I have not had this adapter very long so it is still early to say it’s completely stable but all indicators up to this point have been very favorable.<br /><br />Several other reviewers have mentioned that this adapter does not work with Linux. This  is true - there are no drivers available for this adapter other than for Windows XP/Vista/7/8. If you need an adapter that will allow you to connect a Linux or Mac system to a wireless network, this is not the device you need right now.<br /><br />So far I can’t find too much about which to complain concerning this router. It seems to be stable and reliable on the system to which it is attached here. I am satisfied with it and based on my experience with it can recommend it - if you’re sticking with Windows.",5401,0,0,
C008,control,I bought this just before a hurricane. We still had power but no cable. The picture is BETTER than cable. We are receiving 32 channels. It is great. I am thinking of canceling some of my boxes and using this instead.,2398,0,0,
C009,control,Love ... I can't believe how much stuff I can fit into this bag... I have a 14 inch laptop that fits perfectly along with the cord and all the essentials you need for work or travel... I do agree with another review it's a little heavy but it's okay the quality is outstanding for the price!!,29893,0,0,
C010,control,"This is my first attempt at using a stylus with my iPad mini-5. It was easy to set-up. 1. Just turn it on, 2. check your settings so apple pencil only is off. 3.Then went into notepad tapped pencil, started writing strait away. Ill update the review more after I have used it for awhile.",5475,0,0,
C011,control,I bought this specific combo because it came with a webcam cover but I didn't even get one.  I just got the case which is a really nice color but I do wish that I had received the webcam cover too.,59076,0,0,
C012,control,"This thing is a complete joke and waste of money.  There is no way it reads 150 cards--it barely reads microSDs without cutting in and out!<br /><br />I bought it because it seemed it might be one of the only options I had for reading an old SmartMedia card.  FYI: does NOT read Smartmedia.<br /><br />It also feels and looks very cheap, and has been unreliable to read even basic SDs for me.",68370,0,0,
C013,control,A very sturdy apparatus that does a good job at holding my tablet at the level I position it in. Just wish it extended a little longer.,49217,0,0,
C014,control,"I have the first and second generation Fire TV boxes, so I was familiar with the capabilities of Fire TV. However, I was surprised at the form factor for the Fire Stick -- it's very compact and tiny!  Functionality appears to be the same as the Fire TV box version when it comes to streaming. It's a bit faster than my generation 1 box, and a little slower (but not by much) than my generation 2 box.<br /><br />Setup is an absolute breeze -- it walks you right through all the steps. Zero manual reading is needed. It comes with the same remote as the Fire box which is nice for consistency, but I can't say it's my favorite remote. It works just fine, but I would have liked a little larger buttons and a more legible icon for each.  Minor issues.<br /><br />100% satisfied with this, as I am with my Fire boxes.",97641,0,0,
C015,control,"This pouch works well except for one thing.  It's shipped folded in half and the crease never goes away.  The crease prevents the pouch from making proper contact along that line.  If it weren't for the crease, this product would be fabulous.  They should ship it flat to prevent the crease.",64442,0,0,
C016,control,"Totally recommend these for anyone who wants to block their laptop or tablet cameras.  They adhere well and look good.  To slide them over, you don't need to apply alot of pressure. They are small and very flat. I am truly pleased with them.",58942,0,0,
C017,control,"I am updating this from 1 star since I had a very hard time getting them to connect at first.  However, since I was able to connect 2 cameras, these are working out just fine.  I don't like that you have to have a phone to view the camera.  I would love to be able to do this on any device, including a computer.  However, they are working for what I needed them to work for.",14952,0,0,
C018,control,"I picked up this camera as an inexpensive travel camera. Sometimes you want something better than your cell phone and there are times when you just want a camera that is nothing else - just a camera. This one from does exactly what it should - takes pretty pictures in a simple manner. You can easily see them on the screen and delete them immediately and just move on. The 16MP allows for nice portraits and details of those tourist sites on the road. I installed a standard 16 gig SD card in this and have had no problems with it at all - another benefit to not using my phone, no tying up the memory there. The camera comes with a cord & software for downloading your photos to your computer. All things considered, this is a nice little quick use camera to keep in the car or your tote bag on a weekend jaunt.",14909,0,0,
C019,control,"The unit I received failed in less than 24 hours. Seemed to be working fine at first, but then the picture flickered out on the TV and the green LED on the front went dead. Save yourself some aggravation and pay a few dollars more for a reliable product.",79147,0,0,
C020,control,"This has become our go-to outlet when we have cords that are removed on a regular basis. Not only are the rotating plugs extremely useful, the outlet has a long enough screw to really anchor the unit. We don't have to worry about the unit coming out of the outlet, or loosening when removing cords. The fact that it's also a surge protector just increases the value.",81416,0,0,
C021,control,"I have used chrome books for years at school and home. Recently bought a PC with windows. Hated it and bought this gem to replace it. Took me about 20 minutes to get everything set up and working, unlike the windows PC. I won't go back again. This charges quickly, battery lasts a long time, and doesn't get hot on my lap. I am very pleased with my purchase. Pretty light weight and the keyboard is Backlit. Since I lounge in front of the TV with mine, the Backlit keyboard is a must.",33067,0,0,
C022,control,"I've been using the MX mouse for many years now, but started experiencing some wrist strain recently and decided to research alternatives. This looked like one of the least difficult types of mice to transition to that would nevertheless get my hand in a different position that would be less likely to cause strain and injury.<br /><br />This mouse has all of the precision I need for working on CAD landscaping plans as I do in my work, and I found that the transition wasn't anywhere near as challenging as I thought it would be. It's really well-designed in that regard to her my fingers are nearly the same position, they're just resting a little better to where my wrist feels a little less irritated.<br /><br />I don't use a lot of the bells and whistles that come with this mouse, and just use it as a straight up regular mouse without programming all the little extra buttons. However, the design quality and the precision of the pointer is the reason that I invest in the Logitech MX line. I haven't found any other mouse that is wireless that comes close to the precision I achieve with this line. This vertical mouse is a great choice if you also work on your computer a lot and need a precise, wireless choice that is less likely to cause strain.",70225,0,0,
C023,control,"I ordered the small version some time ago, tried it with a Linux system, and it's a little slow to respond sometimes, but it worked well enough (and still does). And nothing special was required to get it operating. I plugged it in and it worked. There's no convenient way to customize or modify the operation though---you get what you get. It has a small footprint which is handy for crowded desktops.<br /><br />More recently, I ordered the large version. It only partly works with Linux. The touchpad part works---the cursor can be moved around with the pad, but the buttons don't work, and no tap-to-click function. I tried it with Debian and Ubuntu installs, and the buttons and click don't work with either. The pad itself works fine when plugged into a Mac machine, so I'm guessing it's a driver issue.",67455,0,0,
C024,control,"This camera works okay, but it is definitely not high end. The camera itself feels a bit rinky-dink. It is very lightweight and even seems a bit fragile. The picture quality is good but not great. It is supposed to be high definition but doesn't really look like that level of image. I would recommend this for someone who just wants an inexpensive movie camera to play around with or for use in a particular project that is not dependent on quality imagery. The bundled accessories are nice and it is a low risk way to try out vlogging or practicing filming.",61322,0,0,
C025,control,This worked well with my IPad but the adhesion on the end with the button sucked very badly.,54979,0,0,
C026,control,"Purchased this in September, 2016 from Amazon. Put in bedroom for occasional use, typically when family visited to entertain their kids.  It was used possibly twice but when tried to use it on 12/27/16 the player would not respond to any commands:  tray wouldn't open and home page would not come up.  Unfortunately, the window to return it closed in October.  Disappointed with this particular Blu-Ray player since we have had a similar one in the living room which has never failed us.  Lucky with one player and unlucky with this one.",9289,0,0,
C027,control,I ordered three cords and tried them all! This one seems the fanciest😉. It works good and I hope it lasts long. The cord it pritty and soft!! It is high quality and the packaging is the nicest I have ever seen for a cord. !!! Super present worthy packaging!! I'm so impressed with that. Looks so hot!,37808,0,0,
C028,control,"Seller shipped fast, arrived safely, and paired perfectly with the 8gb Samsung Ram I already Had in one slot on my HP Envy Desktop. Highly Recommend.<br />Thank You",42014,0,0,
C029,control,"I must say, this Echo Show is a bit of a disappointment.  Like its sisters the Echo Dots... this guy does not do too much.  Ask it any question and it says... ""I do not know that""  I cannot do that?  And it is really pretty useless.  It is not an easy set up - meaning, to find things on it... to ask it to open You Tube... or Amazon shopping for goodness sakes... it is a whole huge affair.... they need to reprogram this guy...like the DOT, they need work.<br />THe only use for this we have is asking her the weather... that she can often manage to give us.  And we have some Kasa cameras and we can ask her to show us a room... most of the time she gets and we can then watch the housekeeper... but...even with that...the screen goes back to playing the pictures... while we are in middle of watching the camera and we have to tell her again to show us the ""bedroom camera"".<br />VERY FRUSTRATING and honestly... we never keep it on.  Bought it for the convenience of just being able to watch the housekeeper... but she does not do much more!  I send feedback all the time telling Amazon what a stupid product they have made.  I hope someone gets those messages and teaches Alexa a couple of good skills.... oh yea  - in my room my dot is my clock, and my alarm.... and can turn off my lights and I can hear the news... yippee!  Like?  This is the great Alexa?  Uh uh.  this is the great disappointment!",23768,0,0,
C030,control,"It works, it charged.  Good replacement battery.",64902,0,0,
C031,control,"This Magnetic USB C Adapter from EndlesShine is indispensable for me. I had the ports replaced on my MacBook Pro and they’re loose again. Bumping my laptop is all it takes for cords to fall out of the ports, which is super frustrating when I’m working.<br /><br />I’m using the L Shape adapter with a dock. I have an external monitor, power supply, and some peripherals plugged into the dock. This magnetic adapter transmits and powers everything perfectly. It supports video output; I’m actually using the adapter right now and typing on my external monitor. I get 4k@60Hz video output. Not all magnetic adapters support video output, so it was important to me to have one that does.<br /><br />The adapter and tip are small enough that I can use the port next to it. The magnetic connection isn’t super strong. Strong enough to keep the adapter and tip connected to each other, but if I pull on the cable or drop my laptop, it’s like MagSafe and reduces my chance of damage.<br /><br />I have a few of these adapters and so far, none have been compatible with each other. This isn’t a negative, just something I wanted to mention. I was worried I would mix them up, but the adapters only like their tips.",69265,0,0,
C032,control,"Looks nice on, but it catches on my clothing and pulls threads",4639,0,0,
C033,control,"The bad: First one arrived without a case.  Returned it.  Second one arrived with the case, but the case doesn't fit the tripod.  The case is 5&#34;. The tripod is 7&#34;. Why bother sending the case?<br /><br />The ok:  for photos with the phone in landscape mode, it holds the phone in place.  To get in portrait mode. You need to turn the phone and then position the legs to keep phone at that angle.  Takes some maneuvering. It does wrap around thin posts, but due to the 5&#34; legs, it doesn't wrap around thicker posts.<br /><br />The good: the holder fits my iphone 5s with an Otterbox Defender.<br /><br />I'm keeping it because it was relatively inexpensive.  Will see if it holds up. N",37364,0,0,
C034,control,Let’s you know when due for recharge. It’s a comfort to know your car has a watchdog and sensitive response. Excellent<br /><br />Robin,44137,0,0,
C035,control,I have had my chromebook a year and have been through three of these adapters. They last 3 or so months and don't charge anymore. Will be buying directly from the manufacturer from now on.,86608,0,0,
C036,control,It has only been a few weeks but I am impressed. Great value. Covers the house. Not resetting constantly. Easy set up.,59999,0,0,
C037,control,"I carry too much stuff!  That's why I bought this handy hook, which I don't use on a stroller.  I use it to hold my tote bag while I'm on the El or the bus.  It keeps my bag off the floor, and leaves my hands free to read a book while I commute.  I'm very happy with it",64445,0,0,
C038,control,Important to have and for the price why not. Haven't had to use,39230,0,0,
C039,control,Boy this is a great case for my lab top.,74319,0,0,
C040,control,Easy to set up and amazingly good programming,81552,0,0,
C041,control,my Cannon  A1400 fits nice with extra batteries,13971,0,0,
C042,control,Cord worked perfectly with my grand child's Leap Frog Pen. Shipping was quick. Quality of the cord is very good. Love the way new cords are reinforced with the woven material on the outside.,89801,0,0,
C043,control,"But from photos seemed like frame came with it.<br /><br />It did not, though I am happy with product.",80126,0,0,
C044,control,"Excellent reviews for this mount. All of the materials were high quality. The mount itself seemed like it could hold 2 TV's! I really wanted to keep it, but ultimately couldn't. The wall mount bracket just wasn't wide enough to accommodate the extra wide VESA pattern of my Panasonic plasma TV. Would recommend this mount to anyone using a more modern day LCD/OLED TV though.",48109,0,0,
C045,control,"Poor fit. Holes lines up, but there’s not enough lip to snap in place. If top snaps in, bottom pops out. Vice -versa, bottom snaps in, top pops off.  I’m using double-stick tape in four corners to hold in place until I can purchase a far better case. Not a happy customer.",73641,0,0,
C046,control,Didn’t last. Don’t buy. Can only hear in one ear.,67220,1,?,
C047,control,Purchased this type because I needed a power strip that doesn't need all of the USB power units. This type I can omit all of them and just plug the USB cords right into it which saves a lot of space. This one has really nice options on how you want to plug things in.,6574,0,0,
C048,control,Surprisingly good for the price. Fits and matches my old iPad 3 as if it were part of the original device.,9348,0,0,
C049,control,"I've had my classic iPod for about ten years and have had two covers for it in that time. They fit snugly and held up well, but over time the thinner section over the click-wheel eventually tore. The company that made that cover no longer exists, so i had to find an alternative product. Unfortunately, this does not begin to compare. The material is thinner and the fit is loose; very disappointing overall.",33383,0,0,
C050,control,"I got excited to see one of these small portable LED style ones that actually had a decent native resolution (most of them can accept 1080p, but are in reality only 800x600 resolution, or sometimes worse... 640x480!). This one is actually capable of displaying 720p of real dot resolution, which should make it at least as sharp as my Viewsonic and other traditional HD projectors. Ok, perhaps I'm spoiled, but I'm comparing this to our Viewsonic 720p projector that, to be fair cost me 3-4x as much.<br />And for the most part, it DOES work, however there are some caveats to its use. First of all, it doesn't seem as sharp as my 720p projector, even though it should have the requisite amount of dots. It's OK, its definitely better than the cheap 600p projectors, but something just isn't quite there when comparing side by side. It also doesn't get all that bright, but I suppose that's expected from the LED tech being used. You'll need black out shades or use it only during the night. Then there's the color- it isn't great. It works, but it has a cheap color reproduction that looks kind of flat and lifeless. Dark scenes sort of all blend together and become nearly impossible to see. It lacks the vibrancy of even an inexpensive television from decades ago. It gets the job done, but hardly the ""theater experience"" if you've been waiting to see that latest action/vfx film the way it was intended. It will look better on your TV at home, the only thing this has going for it is the large projection experience. For example, if you just want to give your kids a backyard movie night and don't care that the color and detail won't be as great as your indoor system, it will do the job on the cheap. I personally would not give up my mid-range projector for this one.<br />One thing that I found particularly annoying is that rather than the optical zoom and focus dials found on usual projectors, there is only a focus and tilt dial. No zoom. That means you have to physically move the projector closer or further to get it to reach the correct size you are shooting for. That actually got in the way of using it in a couple of specific places my other projectors can be used at optimal sizes.<br />That's not to say it gets everything wrong- I DO like that it is small and light and can even be turned on it's back to aim at the ceiling. That's something my big projector can't do, due to the airflow and cable management sticking out the rear.  It also has a standard 1/4"" 20 threaded tripod mounting point, so you can place this onto a tripod and get maximum mounting freedom. That will come in handy as I've always wanted to watch a movie in bed on the ceiling. But otherwise, don't think this projector will be as good as the other mid-rangers out there. This is still very much a low end projector. You'll have to spend at least 2-3x as much to get a decent home theater style experience, and much more if you want a high end one that will handle FHD/4k to get the real deal. This is more of a specialty use item.",21224,0,0,
T001,treatment,This was just what we wanted.  A little trouble getting the tapes but now we have them and are satisfied with the purchase.,36463,0,0,
T002,treatment,Perfect for adding a practical length to the MagSafe charger.,52124,0,0,
T003,treatment,"Great Belkin backpack for the price.<br />Its lite weight till you fill it up.  The inside has a big pocket for your laptop. My husband put his large ipad in there.<br />below that is a smaller pocket for accessories.On the other side is a mesh large zipper pocket.<br />On the front is a zipper pocket, and near the top is a small zipper pocket you can put your hand into ., Plus<br />the double zipper to open the inside side, which is large and easy to pull anything your want out from the inside.<br /><br />The color gray is for a Women or a Man.<br />It is all padded and comfortable to wear, or grab a hold of.",2978,0,0,
T004,treatment,It’s a plug for the tv since we lost ours. It does it’s job. No real review to leave.,38095,0,0,
T005,treatment,Works great in my bedroom for my TV and tablet.,20872,0,0,
T006,treatment,"I like the portability of this USB hub. Built well and looks sleek. It has four ports that I use with my MacBook, and laptop. I use this hub for USB drives, Bluetooth for the mouse and the keyboard, and charge my phone. My only gripe is that these ports are close to each other and some of my USB drives does not fit because they are too close together, so I use the two outside ones. I have rated this product four stars for overall satisfaction.",95553,0,0,
T007,treatment,"THE GOOD:<br />--------------<br />* High quality, heavy duty, gooseneck for your smartphone or tablets. Mixture of aluminum and plastic.<br />* Will take 4.5"" to 13.5"" devices.<br />* The gooseneck itself is about 24 to 25"". I'm not counting the clamp, or the holder.<br />* Nice box packaging makes the product giftable.<br />* Clamp is strong and sturdy.<br />* Has a minimalist design/look to it.<br /><br />THE BAD:<br />------------<br />* Nothing. 5-Stars.",17643,0,0,
T008,treatment,"An excellent pci tuner card. You insert the card; install the drivers and WinTV software. A big reason I purchased this card is it has a separate FM\cable\Satellite connection in addition to the digital HD antenna connection. I have a good, long range, outdoor Phillips HD antenna mounted on my apartment balcony and cabled to this card along with a second Hauppauge usb tuner (off a splitter). I can record two channels at once or record one and watch another at the same time. Next I have a FM radio antenna and, the card with media center acts like a digital DJ for playing and recording FM broadcasts. Windows Media Center finds and sets up the signal for both cards and, with a DSL connection will automatically set up your digital TV guide for your area code which you can configure to automatically update, once a week or whenever. The same applies to cable or satellite. All you do is surf the guide, click what you want to watch or record, recordings are automatically saved to your hard drive. I've recorded hundreds of over the air, free, broadcast shows and movies, most of them I was totally unaware of until I bought these tuner cards and set up media center with TV guide. The card comes with WinTV, very good software in its own right, but Media center setup is the cat's meow. I don't have enough time or typing skill to list all the benefits. Very highly recommended!",44706,0,0,
T009,treatment,"My 8 yr old daughter loves it. And if you are not sure of all the things it does , got to YouTube to show you all the “how to’s”.",86928,0,0,
T010,treatment,Bought this half a year ago. It has already stopped working.  I suspect that the battery died.  My old strap had kept working for years until I lost it on a trip. Half a year batter life is not acceptable. I am not even a frequent runner.,64504,0,0,
T011,treatment,I Like the size and that the display can be shut off completely to better darken the room-very few clocks have this option. Setup was a challenge but the directions are very clear.,22229,0,0,
T012,treatment,Worked immediately upon inserting into a Samsung Intercept.  Needed a microSD replacement to be able to take pictures with the phone.  Great value for the price!  Would definitely purchase again.,39123,0,0,
T013,treatment,Its okay and does connect to many devices.  The material quality is subpar and you must be careful.  My charger did not fit the port which is misplaced.  I used a different charger.  Probably worth the money.,58341,0,0,
T014,treatment,"I ran out of USB ports on my laptop and this hub helped me get everything I wanted hooked up, working and having zero issues. I like that it is small, so it is easily taken with you when you go on vacation or out of town for work. This hub also has a nice blue light to give it some coolness too.",43190,0,0,
T015,treatment,"This is my favorite little work table. Pops up quickly; folds down easily. Small enough size for easy handling and storing, big enough for quick jobs like folding clothes, paying bills, sorting hobby items, etc.",91016,0,0,
T016,treatment,Too complicated used a few hours and gave away,25602,0,0,
T017,treatment,I didn’t even realize I didn’t have a wireless adapter for a couple years! Always had wired! This had worked great while dropping the cord. I haven’t been able to tell the difference in speeds!<br /><br />Update: I’ve had this for a month and a half and it won’t stay connected to the internet. I had to resort back to using an Ethernet cord. Waste of money!,5809,0,0,
T018,treatment,"This was a used item. It came with no instructions. I could not get it to work to record my telephone conversations, then is just stopped working. I threw it away.",40083,0,0,
T019,treatment,"Just recently got this and seems to be working good. The added power supply to the unit helps a lot with the bigger power hungry attachments and it recognizes everything I've attached so far and stays connected. The smaller units I purchased with no power supply would stop reading or even recognizing my connected items. Very annoying, but I assume this would do the trick and so far it has.",25051,0,0,
T020,treatment,"I bought this for my daughters car. She has CDs but not many, most of her music is on her phone, so decided to go this route. She loves it. She had the stock tape deck in the car and used a tape adapter, but now she can use the bluetooth and she likes it much better. Radio works well, too. She likes that it gives her song info. And she can change the color of the lights to what she likes.<br /><br />Recommended if you don't need a CD player. Price was good and easy to install. Will need a wiring harness, but it does come with the parts to install it nice in a car so an install kit is likely not needed (I didn't need one).",47270,0,0,
T021,treatment,"I own 2 zenbooks. The laptops perform well, but the customer service for warranty claim is beyond terrible. I have a keyboard key that became loose due to a broken latch under the key. The first thing that they told me was that the warranty already expired without asking me when I bought it. I bought mine from Costco, and they are both less than one year old. Then after sending in the invoice, they told me that they could not read the invoice pdf. I asked if they could just send me a key. They told me that I had to send in the entire laptop. Basically, they are not interested in honoring the warranty by making the process as painful as possible. My next laptops will not be ASUS. I hope there are other better alternatives.",46087,0,0,
T022,treatment,"very nice quality and packaging,, works GREAT",85418,0,0,
T023,treatment,"Originally bought this remote keyboard last year and had to return when the usb reciever broke in the usb port when I tried to pull it out. It happened in the first few days and was easy to return. Yet, when they company saw my review. They felt this was an isolated incident and they convinced me to try another keyboard. Now that it is here and I have been using it for a bit(typing the review with it). It is still the same device I originally recieved.  While it is still lighter than I expected, it does do everthing I originally wanted it for. Backlight that stays on while in use and doesnt timeout too quick. Has the range of my living room to work at a 15+ foot distance. And it is rechargeable. And since this one has a usb reciever that didn't break off in my pricey laptop. I had to come back and update my review and join many of the others who also got a good remote.<br /><br />Also want to add that the people at this company seem to care or at least pay attention to the reviews and don't want unhappy customers. They have a good product and a very low price point. Maybe I jumped too quick to return and leave my original 1 star rating without contacting the seller. I increased the rating to 4 star. It's a good product for a low price and is worth consideration. I am happy to have given this device a second chance.",6941,0,0,
T024,treatment,"Excellent cable, great picture quality on my tv and would purchase again if needed.",76173,0,0,
T025,treatment,Each cord worked for 1 week TOPS some not even that long before they stopped charging. Waste of money. Would not recommend or buy again.,20513,0,0,
T026,treatment,I bought these as stocking stuffers.  They were well received!,89189,0,0,
T027,treatment,"Like it says in the headline, this foam is of good quality - it has heft, it easy to cut, and feels quite supportive. It fits the case perfectly, of course. However, unless you have a laser cutter or considerable skill, the Pick n Pluck cubed foam is *much* easier to work with. Even with a good hour's work of work using an art knife, a razor, a straight-edge and a t-square, I could not get the same clean, perpendicular lines as I had with the cubed foam in about five minutes. The original foam is even less expensive right now, ~$26 vs the $29 for the Cobra foam I'm reviewing here.<br /><br />Maybe if you are working with complex curves and have the skill to cut them, this solid foam makes sense. However, if it's all straight lines, I recommend the OEM foam (ASIN: B0018NG3LS) instead.",31250,0,0,
T028,treatment,"Hopefully I won't need this, but feel better knowing my appliance is covered.",84946,0,0,
T029,treatment,[[VIDEOID:2485c759317cb09344b904d9f06df2e3]] We recently drove from New York City to Disney world.<br /><br />I had a headrest video player that saved the day for my six year old.<br /><br />I turned my phone into a hotspot and he was able to watch and stream Disney without issue<br /><br />He loved it and that he could watch tv while in the car.  It’s very nice overall I think,31651,0,0,
T030,treatment,"I move the Pixie trackers around, depending on what I need. I always keep one with my keys and another in my laptop sleeve.  I've used the others with my luggage, my wallet, and my passport case.  You need to download the app on your phone, but it's easy to set up. Once you've paid for the trackers, there is on ongoing cost.<br /><br />It's something I can see my mother using as well.",99596,0,0,
T031,treatment,"There are various reasons why everyone wants to have lighting for camera work.  My daughter and I have had a jewelry and pottery business we wanted to start but with everything going berserk two years ago, we put a hold on it all.<br /><br />In the meanwhile, my perfect light that I love which goes on my camera shorted out.  That made me frustrated.  This light is larger, but I figured I can set it up on a tripod.<br /><br />HOW THIS COMES<br />This comes in a box with a foam liner.  There is a Type C connector for charging , a cord, and a screw on adapter for a tripod or on top of a camera if your camera can handle it.<br /><br />CHARGING<br />This took me a while to charge it.  After I left it in overnight, this was fully charged.<br /><br />BATTERY<br />I purposely charged this up and did not use it for a few months.  This battery was still up near 10 hours at 10% lighting on 5600K when I started it up.  That is a great power retention.  Using it, I get a few hours out of it before I recharge and I use it at less than 50% usually.<br /><br />LIGHT COLOR<br />For all of the colors provided by this light, they are great.  What I got it for, however, was jewelry and pottery photos so I am not going to be using the RGB lights very much except for advertising photos perhaps.<br /><br />WHITE LIGHT COLOR<br />The white light color is kind of frustrating for me.  I like to have natural lighting that does not add color to the photos.  That means that in my situation, anything above 50% is too bright.  This light only goes to 5600K in cool tones, but when I use it under 50% it still has some green/yellow to it.  Yes, I can edit it out with color adjustments in my software, but it is a bit frustrating.<br /><br />Some photos work out well, but others not so much.  I do like a bit of yellow in my photos, so I will pull it down a little bit toward lower K value if I want warmer tones (aka sunlight type)<br /><br />CONTROLS<br />The controls are easy to use and I like that it is mechanical and not software driven.  The battery left is shown clearly and the settings are also lit up well.<br /><br />WEIGHT<br />This is a heavy light.  It is twice the size and weight of my other light so I can not put it on my camera.  I use a tripod instead.<br /><br />CASE<br />This does not come with a hard case which disappoints me.  It has a cheap velveteen bag with no padding.  It is nice, but you will need a case to keep this in for protection along with your camera.<br /><br />THE BOTTOM LINE<br />This light is not bad.  It give me some settings to work with on my jewelry.  I would like it better if it was just a bit cooler in capability (higher K).  As it is, I use it, but sometimes I find myself adding other lights to balance out the tint of this one.<br /><br />MY RATING<br />FOUR STARS.  This is nice, has nice battery capacity and retention of charge, but the light white color is not quite as nice as I was hoping for.  It still is decent and I use it.",27860,0,0,
T032,treatment,I love this product. When I download my books I can take them everywhere . All of my books are easy to read. I wish that I had purchased this product much sooner.,13342,0,0,
T033,treatment,"this was the greatest purchase ever. every store i went to wanted between $25 and $35... c r a z y. those people can bite me. i got mine for $3, brand new. yeah, i know. works great. no complaints. amazon is my new best friend. i love you amazon. lol.",24412,0,0,
T034,treatment,Tried it for a week or so... but in the end returned... the wifi feature is a pain in the neck to use... not user friendly at all.  Plus I did not think that the pictures were that great.  My older Canon took far better pics... what can I say?  Not worth it,23773,0,0,
T035,treatment,I ordered this as a Christmas gift and was amazed at how realistic it looks!,40062,0,0,
T036,treatment,"As described - these are genuine Mfi certified cables and they charge well. Typically my apple cables break down pretty quick from right angle pressure, and these are no different - but they last at least a month of regular wear and tear without any problems so far.<br /><br />Comes in a larger pack, so you can throw one in the car, at work, and at home on your nightstand!",70837,0,0,
T037,treatment,Worked perfectly and very inexpensive and arrived fast. Same length as OE,93841,0,0,
T038,treatment,"This is a very well-designed and compact power strip. It features 5 AC outlets that are arranged on each side of the cube. This is useful in case you have oversized plugs that would overlap each other on a linear power strip. The cube also features 3 USB-A ports and 1 USB-C port. There is also a power button.<br /><br />This is a useful power strip for your desktop that would make a thoughtful gift for a college student. It also features a 10 foot power cord that's very durable. This is a practical, convenient, and attractive power strip.",18326,0,0,
T039,treatment,cheap and definitely will crack over time but good for the price and it will do the job for the time being.,58006,0,0,
T040,treatment,"This is great for 7 inch kindle, not for  tablet though.  Even for 7 inch, not good if you have device in case.",15400,0,0,
T041,treatment,"I usually do not like wireless, tied to charging,  BUT these were GREAT price, worl very well, and have a cord for most uses at coputer, and wireless for business/pleasure flights.",83863,0,0,
T042,treatment,Excellent case. Excellent customer service. Returned because we ordered the wrong size.,87234,0,0,
T043,treatment,Worked perfect!  Insert USB and WALLA!!! Working Perfect and Fast.  Super happy!,23520,0,0,
T044,treatment,"It's good film, I just have issues working my camera.  It's an antique and I don't know whether or not it's good, or I just suck with exposure...",62447,0,0,
T045,treatment,"My son has special needs so he uses a chrome book at school.  He needed a new charger, but I didn't want to spend a fortune on it.  This is almost identical to the one that came with it,  but at a fraction of the price.  It works just as well and it actually charges faster.",32648,0,0,
T046,treatment,"When I got this waterproof hi-res 8mp/1080p photo action camera, I wasted no time removing it from its case and charging it up. It still had a bit of charge when it arrived, so I was able to view the LCD screen before I charged. When I inserted the charging cord, the camera automatically turned on, so I turned it off to get a quicker charge. I didn't have any difficulty removing the waterproof case (look closely and you will find detail markings for the different parts of the case and the camera). As soon as you turn on the camera, you are going to get a message on the LCD screen that there is not a micro SD card. The capacity of the micro SD that it takes is 32GB and you will need one to use the camera or video features. The LD screen gives you menus to personalize your picture or video taking experience. The casing is waterproof up to 200ft and if you are in the water and lose it, it does float. I am pleased with this and will be able to attach it to my full-face snorkel mask easily.",43390,0,0,
T047,treatment,lasted 4 days and died. don't waste your $$$,34058,0,0,
T048,treatment,"Awesome clock, love the adjustable projector that I can put on any wall or the ceiling at any angle and can flip so that no matter where the bed is the time won't be upside down or backwards. Great big display, lots of options. Takes some looking at the instructions to program. Don't use the radio but it picked up a station immediately. The display has several brightness options, my only knock is that in my opinion the dimmest is still pretty bright. 4 stars out of 5 for this and the fact that its a bit pricy.",93884,0,0,
T049,treatment,"This is a great CD storage solution at a reasonable price.  All corners of the covers are re-enforced.  The fold over snap edges of the box add a nice stability.  You can pick up the box with 1 hand without it twisting/bending.  The only reason I took away 1 star is the snaps on one of the boxes woere mis-aligned, so that box could not be assembled. However, kudos to Amazon, who sent me a replacement box, immediately.",5511,0,0,
T050,treatment,"I'll be honest, I was expecting this to be another cheap off-brand mouse. I'm pleasantly surprised at how good it is- It looks pretty great, and rather than being covered in shiny fingerprint-magnet plastic like most cheap mice, a majority of the surface is textured (almost like a rubberized plastic). The USB receiver fits inside the body of the mouse for storage, which is great for travelling with it as I do. I've owned other mice that did that before too (an old Logitech), but unlike that old Logitech, this one uses a built-in rechargeable battery. To be honest, my Logitech mouse was great but after a couple of years the battery started making a bad connection inside (corroded contacts were keeping the battery from working), so I'd have to try to clean it off every few uses on the road to keep it working. With this product however, it seems less likely that will become a problem. Also, the ability to plug it in and charge it off the computer directly if it starts to die is a great plus!<br />My first impression was that the mouse was a little jumpier than I expected, but then I noticed the little button under the scroll wheel and discovered that it was for changing the DPI. Honestly, I'm not sure why they put it in such an easy to use spot, I feel like this isn't something that needs to change very often. But a couple of clicks on that button got me to about the mouse speed I like. I'm actually really happy with this product and although I was shopping around for a replacement Logitech, I think I'll keep this one in my travel bag instead!",21245,0,0,
