编号,臂,row_index,原文,中文翻译,人工判定(1=真音质抱怨/0=不是),备注
A01,A,59413,"It provided better overall sound for my anemic older Vizio TV. However, several issues make it quite different from other &#34;soundbar&#34; types. If you program your Comcast remote to use the Zvox functions,it hijacks other functions that control your TV! I have my headphones connected to the audio out, and now I cant use my Comcast remote to control them or any normal Vizio audio  functions without turning off the Zvox manually. OL barely works as commercials are still as loud as ever. I still have to turn it up to get a decent level on shows,and theres quite a bump up in sound between 17-18!<br />No codes to use with other universal remotes? Seems the Zvox people decided once it was hooked up no one would ever switch back to their TV sound for any functions. If it worked seamlessly with my remote I'd give it 4 stars.  Easier to stick to their weird remote.",它为我那台老旧的Vizio电视提供了更好的整体音效。然而，有几个问题使它与其他类型的“条形音箱”相当不同。如果你将Comcast遥控器编程为使用Zvox功能，它会劫持控制电视的其他功能！我将耳机连接到音频输出，现在如果不手动关闭Zvox，我就无法使用Comcast遥控器控制它们或任何正常的Vizio音频功能。OL几乎不起作用，因为广告仍然和以前一样响。我仍然需要调高音量才能在节目中获得不错的音量水平，而且音量在17-18之间有一个相当大的跳跃！<br />没有代码可用于其他通用遥控器？似乎Zvox的人认为一旦连接上，就没人会为了任何功能切换回电视声音。如果它能与我的遥控器无缝配合，我会给它4星。更容易坚持使用他们奇怪的遥控器。,,
A02,A,4757,"Bulky but overall, has a good battery life. The sound could be much better, but it gets the task done til a better speaker can be purchased! If you are looking for a great clearness in sound, ""This Speaker is Not It""!",体积较大，但总体而言，电池续航不错。音质本可以好得多，但在买到更好的音箱之前，它能完成任务！如果你在寻找音质非常清晰的效果，“这款音箱不是那个选择”！,,
A03,A,89450,"This radio gets good reception, though the sound quality is not superb. The tiny user manual offers a solution to poor sound quality, but that advice didn't work for me. Still, the sound is clear enough if you are listening to news or information.<br /><br />My biggest complaint is that it's very hard to see what station you are on. The radio has a tuning dial, but the bar window showing your location is very hard to see, no matter what angle you view.<br /><br />The other issue is that I'm not sure the radio ever fully charged. I plugged it in, and a red light came on, which I assumed meant it was charging. However, after a couple of hours, the light never changed. So I'm not sure if that is merely a power indicator, or whether it didn't charge, or if it's designed not to indicate its charge level.",这台收音机接收效果不错，不过音质不算出色。小小的用户手册提供了一个解决音质不佳的方法，但那个建议对我没用。不过，如果你是在听新闻或信息类节目，声音还是足够清晰的。<br /><br />我最大的不满是很难看清你正在收听哪个电台。收音机有一个调谐旋钮，但显示你位置的条形窗口非常难以看清，无论从哪个角度观看都是如此。<br /><br />另一个问题是，我不确定这台收音机是否曾经完全充满电。我插上电源，一个红灯亮了，我以为这表示正在充电。然而，几个小时后，灯一直没有变化。所以我不确定那只是一个电源指示灯，还是它没有充电，或者它设计上就不显示充电水平。,,
A04,A,10164,Scrappy device!!!! The static drives me up the wall using this device. I keep switching FM channels to get better reception but to no avail. I have stopped using it just for this reason. I cannot enjoy music using this device. I have to eventually get something different. I 100% will never recommend or trust to buy anything from this company. I wasted my money,破烂设备！！！！使用这个设备时，静电声让我抓狂。我不断切换FM频道以获得更好的接收效果，但毫无用处。就因为这个原因，我已经停止使用它了。我无法用这个设备享受音乐。我最终得换个别的。我100%永远不会推荐或信任购买这家公司的任何东西。我浪费了我的钱,,
A05,A,79664,"The name suggests it’s from Japan; not so, made in China.  IMO, the quality falls short of expectations despite being a very user friendly unit with good features.  HDMI allows for an easy connect to homeTV, not generally found on most DVD players.  Cable not included.  At this price the sound is too tinny.  Maybe earbuds improves it?  I would recommend it if you don’t mind average, e.g. Chevrolet quality but if you want Japanese or BMW fit and finish level look elsewhere.",这个名字暗示它来自日本；但并非如此，是中国制造。在我看来，尽管这是一个非常用户友好、功能不错的设备，但质量未达预期。HDMI可以轻松连接到家庭电视，这在大多数DVD播放器上通常没有。不包含线缆。在这个价格上，声音太单薄了。也许耳机能改善？如果你不介意一般水平，比如雪佛兰的质量，我会推荐它，但如果你想要日本或宝马级别的做工和质感，请另寻他处。,,
A06,A,1395,"I feel since I have owned 10 months now, I can accurately review it.  I have actually not had any issues with it.  Since Sept, there have been 6 incidences that I needed it for.  I ride my bike A LOT.  The only thing I hate about it is using my phone to download the videos and using the wifi off the camera.  It is extremely slow.  So when I did need the videos for a police officer, I couldn't get them for him and he just told me to email them to him later.  He had other more important things to do.<br /><br />The videos are clear.  The audio isn't so much unless I yell and that's only because the mic on the unit itself is far enough away.  Im sure an external mic would help.",我觉得既然我已经拥有它10个月了，我可以准确地评价它。实际上我并没有遇到任何问题。自9月以来，有6次我需要用到它。我经常骑自行车。我唯一讨厌的是用手机下载视频和使用相机的wifi。它非常慢。所以当我确实需要视频给警察时，我无法给他，他只是让我稍后通过电子邮件发送给他。他还有其他更重要的事情要做。<br /><br />视频很清晰。音频就不那么清晰了，除非我大喊，那只是因为设备本身的麦克风距离足够远。我相信外接麦克风会有所帮助。,,
A07,A,30084,"They're ok for basic use perhaps.  Perhaps.  But they're really quite tinny sounding, and I quickly find it painful to listen to music playing through these speakers. To be clear, I'm not expecting the performance of my home stereo, I'm just comparing them to my other computer speakers -- they're much better.  So if you have a sensitive ear, you might wish to spend a bit more money and get a nicer pair.",它们或许适合基本使用。也许吧。但它们听起来确实相当单薄刺耳，我很快发现用这些扬声器播放音乐听起来很痛苦。需要说明的是，我并不期望它们有我家音响的表现，我只是把它们和我其他的电脑扬声器比较——那些要好得多。所以如果你耳朵比较敏感，你可能希望多花点钱买一对更好的。,,
A08,A,33590,"[[VIDEOID:8fdfa5af6e5ae73eec07b05f1fcb77af]] I would give this 0 stars but I can’t. This is a huge waste of money. This speaker was really good at first but then it became almost muddled. A few weeks later, it broke completely. (See video) I have no idea why it changed.. keep looking elsewhere. This is a piece of crap.",我本想给这个打0星，但做不到。这完全是浪费钱。这个音箱一开始真的很好，但后来声音几乎变得模糊不清。几周后，它彻底坏了。（见视频）我不知道为什么它变了……继续看别处吧。这就是个垃圾。,,
A09,A,98362,"Out of the box, these speakers are so cool! I love that I can spread them through a room for the surround sound and immersive experience. They charge as a unit or separately and are really fun to experiment with. The concept is fun and the sound delivers in certain genres, but on bass-heavy genres like club or hip hop they leave a little more to be desired. That said, I like to use these in my meditation room for chants and mantras so they perform well for me.",开箱即用，这些音箱太酷了！我喜欢可以把它们分散在房间里，获得环绕声和沉浸式体验。它们可以作为一个整体充电，也可以单独充电，玩起来真的很有趣。这个概念很有趣，声音在某些音乐类型上表现不错，但在像俱乐部或嘻哈这种重低音类型上，它们就有点不尽如人意了。尽管如此，我喜欢在冥想室里用它们来播放诵经和咒语，所以它们对我来说表现很好。,,
A10,A,10976,Not happy with the product. Not simple to use. Bluetooth connection keeps dropping. Poor sound quality. Not recommended. Much bettter Bluetooth speakers out there that sounds better and easier to use.,对产品不满意。使用不简单。蓝牙连接不断断开。音质差。不推荐。市面上有更好的蓝牙音箱，音质更好，使用更方便。,,
A11,A,83289,"Older Mini-van radio died and did not want to spend a lot on the replacement. This unit was small (about a quarter size of the factory radio) with the adapter kit and wiring harness it was an easy install and great fit. In the Mini-van has good sound, plenty loud. If you crank it up it begins to distort, but that is as much the van speakers as anything. Still good clear plenty loud sound. Pulls in plenty of radio stations. Bluetooth was easy to connect on my Android, a bit more work on iPhone but terribly so, sound quality is acceptable both thorough built-in mic and speakers when making or receiving calls. Playing music through Bluetooth connection is nice and easy once you get your device paired. Volume knob requires a bit of turing to adjust volume, this could be a plus or minus since it allows finer control over volume, I prefer a quicker adjustment, but again could go either way. Takes some getting used to small buttons, an issue for me is the on/off button, you have to push it twice to turn it off, again like to volume knob could go either way as to good or bad. In my case if I am jamming out and need to lower the volume or turn it off it takes more time/effort than it really should. Not the end of the world but that combined with the very bright blue light at night knocked off a star from me. The light is fine during the day but driving at night it is distractingly bright. Have not used the USB port, Aux jack or the SD card slot yet. Overall for the price this is a very good bargain.",旧的小型货车收音机坏了，不想花太多钱更换。这个设备很小（大约是原厂收音机的四分之一大小），配上适配器套件和线束，安装容易，贴合度很好。在小货车里音质不错，足够响亮。如果调大音量，开始失真，但这更多是货车扬声器的问题。仍然有清晰、足够响亮的声音。能收到很多电台。蓝牙在我的安卓上很容易连接，在iPhone上稍麻烦但也不是太糟，通话时通过内置麦克风和扬声器的音质都可以接受。一旦设备配对成功，通过蓝牙播放音乐既好又简单。音量旋钮需要转一点才能调节音量，这可能是优点也可能是缺点，因为它允许更精细的音量控制，我更喜欢快速调节，但这也可能各有所好。小按钮需要一些时间适应，对我来说一个问题是开/关按钮，需要按两次才能关闭，同样像音量旋钮一样，好坏各半。在我的情况下，如果我正在听音乐需要降低音量或关闭，花费的时间/精力比应该的要多。不是世界末日，但加上夜间非常亮的蓝光，让我扣了一星。白天灯光还好，但夜间驾驶时亮得让人分心。还没用过USB端口、辅助插孔或SD卡槽。总体而言，就价格来说，这是一个非常划算的选择。,,
A12,A,9337,"I have Echo devices of one kind or another in every room and have had others that I’ve decided to let go (original Echo and Echo Auto). They’ve all performed their smarthome duties acceptably well. My biggest complaint across the board is sound quality. Alexa always sounds like she’s talking to you from underneath a pile of pillows. Bass? Sure, on the Echo Show, at least. Treble? Nada. Sure, you can use the app’s “equalizer”... but it’d take an oscilloscope to detect the minuscule difference that makes in the sound quality. I’d given up on getting any more devices... until I saw a review of the Flex on Paul Hibbert’s YouTube channel... he liked it, but said (I think) that it sounded ‘trebly’. Trebly?! That’s a magic word to my ears. I ordered one up and found that it indeed sounds ‘trebly’ (call it tinny of you like) but who cares? Who seriously listens to music on these tiny little devices anyway?! I can understand what Alexa says now - all the plosives are there. I still wonder why Amazon can’t tune the rest of the Alexa enabled devices for better higher frequency clarity.",我每个房间都有某种Echo设备，也曾经有过其他一些我决定放弃的设备（初代Echo和Echo Auto）。它们都还算称职地完成了智能家居的职责。我最大的抱怨普遍是音质。Alexa听起来总是像在一堆枕头下面跟你说话。低音？当然，至少在Echo Show上有。高音？没有。当然，你可以用应用程序的“均衡器”……但需要示波器才能检测到它对音质产生的微小变化。我已经放弃再买更多设备了……直到我在Paul Hibbert的YouTube频道上看到对Flex的评测……他喜欢它，但说（我想是）它听起来“高音突出”。高音突出？！对我来说这是魔法词。我订购了一个，发现它确实听起来“高音突出”（如果你愿意，可以称之为单薄刺耳），但谁在乎呢？反正谁会认真在这些小设备上听音乐呢？！我现在能听懂Alexa说的话了——所有的爆破音都在。我仍然想知道为什么亚马逊不能调整其他支持Alexa的设备以获得更好的高频清晰度。,,
A13,A,60709,I received these 2 speakers for free because I pre- ordered the HTC -U11. I'm very disappointed because the volume is very low. I was expecting it to function like a loud speaker to play music from my phone or what ever other devices I have. Well at least I didn't waste my money.,我免费收到了这两个扬声器，因为我预购了HTC -U11。我非常失望，因为音量非常低。我原本期望它能像扬声器一样，从我的手机或其他设备播放音乐。好吧，至少我没有浪费钱。,,
A14,A,17025,"Since attaching this to my granddaughters iPad, we have had issues with the volume control constantly going on and showing up on the screen. It almost like the buttons put too much pressure on the volume control and won't release. This is very frustrating for her, being autistic and frustrating for me to try and keep it off of there.",自从把这个装到我孙女的iPad上后，我们就一直遇到音量控制不断弹出并显示在屏幕上的问题。几乎就像是按钮对音量控制施加了太大压力，无法释放。这对她来说非常令人沮丧，她是自闭症患者，而我也很难一直把它关掉。,,
A15,A,95846,"I have a 1100.00 top of the line Samsung sound bar for my main TV, and while this can’t compare, it sure gives it a run for the money.<br /><br />I can’t believe the clarity of the center speaker and all the features you get for 220.00.  The sub woofer is the only downside I see so far as it is a bit muddy when you increase the base or raise the sub levels much past 50%.  Other than that, this thing fills up a small bedroom with sound you would expect from a much more expensive system.<br /><br />It’s still early, but as of right now, I am a believer.",我有一台1100.00美元的高端三星条形音箱用于我的主电视，虽然这个无法相比，但它确实很有竞争力。<br /><br />我简直不敢相信中置扬声器的清晰度以及你花220.00美元就能得到的所有功能。低音炮是我目前看到的唯一缺点，因为当你增加低音或将低音炮级别提高到超过50%时，它会有点浑浊。除此之外，这个东西用你期望从更昂贵系统得到的声音填满了一个小卧室。<br /><br />现在还为时过早，但就目前而言，我是一个信徒。,,
A16,A,53185,Love the unit however the speakers seem to be a bit muffled after just a month :(,喜欢这个设备，但仅仅一个月后扬声器似乎有点闷 :(,,
A17,A,38200,"junk, loud rattles in shell....",垃圾，外壳里有很大的咔嗒声……,,
A18,A,29132,"Appeared to be straight-forward install however when I connected it, there was an annoying,  low volume electronic ticking or beeping noise beneath the volume.  It wasn't present when sound levels were louder but if the show went silent you could hear it quite clearly.",看起来安装很直接，但当我连接它时，在音量下方有一种烦人的、低音量的电子滴答声或蜂鸣声。当声音较大时它不存在，但如果节目静音了，你能很清楚地听到它。,,
A19,A,31310,"The sound is fine, not great, not horrible. There is a buzzing noise when it’s turned off but plugged in, but I just turn the radio back on anyway so that’s not an issue for me. It sticks out quite a bit from the dash but it is small. It’s easy to use, but not my fave. For the price it’s fine.",声音还行，不算好，也不算差。关掉但插着电的时候有嗡嗡声，不过反正我会把收音机重新打开，所以对我来说不是问题。它从仪表盘上凸出挺多，但体积小。用起来方便，但不是我的最爱。就价格而言还行。,,
A20,A,26233,"At first glance this product seems that it would be a good device to record lectures or talks. It does work, but the sound quality is definitely lacking.<br /><br />Pros: Device is small and can be used almost anywhere.<br /><br />Cons: Complicated wire-button system to get the recorder to record. Sound quality is dismal. Battery life is only 2-3 hours at most before it drains.<br /><br />All in all, it does work. But other devices have better battery life and sound than this. Save your money for a better device.",乍一看，这款产品似乎是一个录制讲座或谈话的好设备。它确实能用，但音质明显不足。<br /><br />优点：设备小巧，几乎可以在任何地方使用。<br /><br />缺点：复杂的线控按钮系统来让录音机开始录音。音质很差。电池寿命最多只有2-3小时就会耗尽。<br /><br />总的来说，它确实能用。但其他设备有更好的电池寿命和音质。把钱省下来买更好的设备吧。,,
A21,A,64542,"This is undoubtably the sorriest product of it's type I have ever seen. The receiver is NOT internet ready. You have to buy a $40 LAN adapter. Then, after buying the adapter, the receiver DOES NOT support Amazon Prime. As to the operation, the unit produces less sound than the Vizio Sound Bar which it replaced. The only redeeming feature is the speaker array. They play at 100% volume with no distortion. Probably because the amp is running about 300 actual watts.  When I get my income tax refund, I will buy a receiver compatible with this speaker array. Also, caveat emptor with this seller. They stonewalled all attempts to refund my purchase and return this piece of junk. They wanted me to pay shipping both ways and add a restock fee of 20%. Then they reserved the right to deny refunding based on their opinion of the resalability of the product. I filed a complaint with Amazon, but they never responded. All in all, this was a $225 mistake. I will not ever buy another appliance/electronic device on Amazon.",这无疑是我见过的同类产品中最糟糕的。接收器不支持互联网。你必须购买一个40美元的LAN适配器。然后，在购买了适配器之后，接收器不支持Amazon Prime。至于操作，该设备产生的声音比它所替换的Vizio Sound Bar还要少。唯一可取的特点是扬声器阵列。它们以100%的音量播放而没有失真。可能是因为放大器实际运行约300瓦。当我拿到所得税退款时，我会购买一个与该扬声器阵列兼容的接收器。另外，对于这个卖家要小心。他们阻挠了我所有退款和退货的尝试。他们要求我支付双向运费并加收20%的补货费。然后他们保留根据他们对产品可转售性的意见拒绝退款的权利。我向亚马逊投诉，但他们从未回应。总而言之，这是一个225美元的错误。我再也不会在亚马逊上购买任何电器/电子设备了。,,
A22,A,4223,I purchased this off  good reviews. But my cellphone speaker is better. Plan on returning.,我是看了好评才买的。但我的手机扬声器都比它好。打算退货。,,
A23,A,17119,"Does not last near as long as the original and when the charger is connected to it, it causes a buzzing sound when recording with Garageband. Overall, not a great product but decent compared to what Apple charges.",它的续航远不如原装产品，而且当充电器连接到它时，用Garageband录音会产生嗡嗡声。总体而言，不是很好的产品，但相比苹果的收费还算可以。,,
A24,A,24149,Voices lack clarity and its hard to make out what is being spoken at many instances. I connected AppleTV to eARC input of speaker and hdmi out to the TV. Still no improvement in voice quality even with Voice enhancement option turned ON.,声音缺乏清晰度，很多时候很难听清在说什么。我将AppleTV连接到音箱的eARC输入，HDMI输出连接到电视。即使开启了语音增强选项，人声质量仍然没有改善。,,
A25,A,72146,"This is a handy device to have for lectures, interviews and meetings. The rechargeable battery lasts and the screen is bright and clear. The instructions are useless but it is not hard . There is a slot for a memory card and the internal memory is 8GB.  There is an app for file sharing. Sound quality is okay. I can make out pretty much everything that is said but the volume is softer than I expected. It is lightweight. Sufficient for most purposes.",这是一个方便的设备，适用于讲座、采访和会议。可充电电池续航持久，屏幕明亮清晰。说明书没什么用，但并不难操作。有一个存储卡插槽，内置存储为8GB。有一个用于文件共享的应用。音质还可以。我几乎能听清所说的所有内容，但音量比我预期的要柔和。它很轻。对大多数用途来说足够了。,,
A26,A,29726,"Pros<br />Decent sound for small room<br />Good size<br />Can be used as a Bluetooth speaker<br />Remote with batteries included<br />Easy and clear instructions<br />Wall mounting guide<br />Everything needed was included<br />Great shipping and packaging<br /><br />CONS<br />not good bass at all<br />Sound isn’t good too loud<br />Priced too high for sound quality<br /><br /> This is a decent sound bar, there are more positives than negatives but I believe I paid a bit too much for it. My biggest issue is the bass, if you turn it up  is just more of muffle sound  rather than clear “thumping” sound. As far as the overall sound,  if you keep it on a lower volume setting it sounds great but if you turn it up then it starts to sound a bit distorted. Perfect for Bedroom, craft room, office or a small room in general.",优点<br />小房间音质尚可<br />尺寸合适<br />可作为蓝牙音箱使用<br />遥控器含电池<br />说明简单清晰<br />有壁挂指南<br />所需物品齐全<br />运输和包装很好<br /><br />缺点<br />低音完全不好<br />音量太大时音质不好<br />相对于音质价格过高<br /><br />这是一款尚可的回音壁，优点多于缺点，但我觉得我付的钱有点多。我最大的问题是低音，如果调大音量，只是更模糊的声音，而不是清晰的“砰砰”声。就整体音质而言，如果保持较低音量，听起来很棒，但如果调大音量，就开始有点失真。非常适合卧室、手工室、办公室或一般的小房间。,,
A27,A,76431,"Nice speaker, connects easily and sounds really good. It is very small as one would expect of a) a portable, water-resistant Bluetooth speaker b) any speaker at this price point; but it is more than adequate to listen to while cooking, take to the beach etc and the sound is quite good. It is a Sony which has a lot to do with why it was one of the number I considered before purchasing. I have several Sony electronics and they have proven to be reliable and of good quality. All things being equal(ish) I went with the brand I know. It has decent reviews and was very reasonably priced.<br /><br />It has proven to be a good little speaker. The sound is very good and no distortion even taken as loud as it will go. I may be 63, but the tunes I have and play are Five Finger Death Punch, Halestorm, Royal Blood, Breaking Benjamin and so forth, so it gets a workout - no Bach or easy-listening milquetoast music. I am pleased so far.<br /><br />My only con, and it isn’t really a dealbreaker for me, though it is VERY disappointing, is the volume level. It tops out before I wish it would. It can be played loud, but not as loud as I want/wish. I suppose it has to do with size and governing volume so as not to blow the speaker, but I have a sneaking suspicion it is like the volume control on my 2015 RAV4. It maxes out in my car, at the level Big Brother deems is the top level that is for our own good. You know, to save us from ourselves, keep us from blowing an eardrum (as if). Like headphones and earbuds do. We are too stupid to be left to run wild with that volume control!!<br /><br />Besides the infuriating limit to volume level, overall I am really liking it. I haven’t had it a long time, so if anything changes I will update. So far, it is a good buy.",不错的音箱，连接方便，音质听起来真的很好。它非常小，正如人们对a）便携、防水的蓝牙音箱 b）这个价位的任何音箱所预期的那样；但它足以在做饭、去海滩等时候听，而且音质相当好。它是索尼的，这很大程度上解释了为什么它是我购买前考虑的众多型号之一。我有几件索尼电子产品，它们被证明可靠且质量好。在所有条件大致相同的情况下，我选择了我熟悉的品牌。它评价不错，而且价格非常合理。<br /><br />它被证明是一个不错的小音箱。音质非常好，即使开到最大音量也没有失真。我可能63岁了，但我拥有和播放的曲子是Five Finger Death Punch、Halestorm、Royal Blood、Breaking Benjamin等等，所以它得到了锻炼——不是巴赫或轻松聆听的软绵绵音乐。到目前为止我很满意。<br /><br />我唯一的缺点，对我来说并不是真正的破坏因素，尽管它非常令人失望，是音量水平。它在我希望它达到之前就达到上限了。它可以播放得很大声，但没有我想要的/希望的那么大声。我想这与尺寸和控制音量以免损坏音箱有关，但我有一种暗中的怀疑，它就像我2015年RAV4上的音量控制。它在我的车里达到最大，达到老大哥认为对我们自己有利的最高水平。你知道，为了拯救我们自己，防止我们震破耳膜（好像会似的）。就像耳机和耳塞那样。我们太愚蠢了，不能放任我们随意使用那个音量控制！！<br /><br />除了令人恼火的音量限制，总体而言我真的很喜欢它。我还没有拥有它很长时间，所以如果有任何变化我会更新。到目前为止，它是一笔好买卖。,,
A28,A,60558,I was expecting a sound similar to that of a sound bar. What I got was a Echo dot sounding device. Not great for watching movies. Unimpressed.,我原本期待的是类似条形音箱的声音。我得到的却是一个听起来像 Echo Dot 的设备。不太适合看电影。不怎么样。,,
A29,A,29256,"Granted, most people purchasing this wont really care about the measurements, and are only concerned about the sound quality. I am dissatisfied with one and find the other just okay. I specifically ordered this based on it's measurements. Needing it to fit a diorama project, the measurements given by the seller of: 2.44&#34; L x 2.44&#34; W x 0.63&#34; D was going to be perfect. As soon as I opened the package I knew the measurements the seller gave was incorrect. Instead this speaker measures: 3-1/4&#34; long with non-removable ring holder x 1-3/4&#34; high x 1-1/4 deep. So it's just long enough to not fit. I wouldn't have bought it had I known it's true measurements.<br />I figured I could still use it with my MP3 player at my desk, but I have to have the volume down real low on my player otherwise the speakers sound distorted. It's not bad, and does okay for such a tiny speaker, and honestly what did I expect for $6.00.",诚然，大多数购买这款产品的人并不会真正在意测量数据，只关心音质。我对其中一个方面不满意，另一个方面觉得还行。我特意根据它的测量数据下单。因为需要它适配一个立体模型项目，卖家给出的尺寸：长2.44英寸 x 宽2.44英寸 x 深0.63英寸，本来会非常完美。一打开包装我就知道卖家给的尺寸不对。实际上这个扬声器测量为：长3-1/4英寸，带不可拆卸的挂环，高1-3/4英寸，深1-1/4英寸。所以它刚好长到放不进去。如果早知道真实尺寸，我就不会买了。<br />我想着仍然可以在办公桌上配合MP3播放器使用，但我必须把播放器的音量调得很低，否则扬声器声音会失真。不算差，对于这么小的扬声器来说还可以，而且说实话，6美元的东西我还能指望什么呢。,,
A30,A,33395,"I like this style Jensen as it does more,better than higher priced Sony boom boxes I've had.The LED display is great,and it takes more motion without skipping.No having to bang on it like with Sony.Plus,the burgundy color gives visual pleasure over black.It sounds great.Just don't make a habit of blasting the speakers or you might get a slight sound in one at high volume.I've had 3...1 given as a gift.Very satisfied.",我喜欢这款Jensen的风格，因为它比我用过的更高价位的Sony便携式音箱做得更多、更好。LED显示屏很棒，而且它更能承受震动而不跳音。不用像用Sony那样得拍打它。另外，酒红色比黑色在视觉上更令人愉悦。它听起来很棒。只是不要习惯性地把扬声器开到最大，否则在高音量下可能会在一个扬声器里听到轻微的声音。我买过3个……其中1个是作为礼物送人的。非常满意。,,
A31,A,73747,"I’ve had this for some time and every time I use it, I get a hum in my videos. I’ve tested it and it’s the product and not laptop, headphones, camera or surrounding sound related. Too bad because I past the return window and initially I loved that it was long and pretty light weight. The humming is a deal breaker.",我已经用了这个东西一段时间了，每次使用它时，我的视频里都会出现嗡嗡声。我测试过了，是产品本身的问题，而不是笔记本电脑、耳机、摄像头或周围声音相关的。太糟糕了，因为我已经过了退货窗口，而且最初我很喜欢它很长而且相当轻。嗡嗡声是一个无法接受的问题。,,
A32,A,96900,"I luv listening to music and sometimes I want to play my cds. This portable boombox fits the need. for my bedroom .<br />Price was right however I wish the sound was clearer and louder , it did skip some of my older cds<br />Overall I give it 3.5",我喜欢听音乐，有时我想播放我的CD。这款便携式音箱满足了我的需求，适合我的卧室。价格合适，不过我希望声音能更清晰、更响亮，它确实跳过了我的一些旧CD。总体我给它3.5分。,,
A33,A,99736,This is much smaller than I thought and does not have the best bass in the music.  My husband says he likes it but he may just be being kind. If your looking for a more realistic sound I suggest you keep looking.<br />The plus is it is cute.,这比我预想的要小得多，而且音乐的低音不是最好的。我丈夫说他喜欢它，但他可能只是出于好意。如果你在寻找更逼真的声音，我建议你继续寻找。<br />优点是它很可爱。,,
A34,A,40797,"In full disclosure, I must admit that I miss my Bose Bluetooth speaker. Their acoustics are impeccable. The &#34;Tribit XSound Go Bluetooth Speakers&#34; only cost a fraction of my Bose speaker. I first purchased the &#34;DOSS Touch Wireless Bluetooth&#34; which is in the same price range; I returned that product because it lacked bass and was unimpressive overall. The Tribit, however, has plenty of bass for such a small speaker. Ironically, the problem that I have is the treble! I think it is an inherent problem with smaller speakers and not this particular device. I have installed an equalizer on my computer which mitigates some of the problems and makes the speaker sound very acceptable.<br /><br />The pros:<br />• The speaker is loud! It is perfect for a jam session in your bedroom. I'm not sure it is suitable for large or multi rooms.<br />• The quality is good, and the speaker looks like a million bucks.<br />• It has an excellent microphone that works well with phone calls and even to interact with Siri or Cortana.<br />• The Play button allows one to answer, reject or end a call. It also can play or pause a song. Finally, it allows you to skip a music track forward or backward.<br /><br />The cons:<br />• While the bass is fairly impressive, the treble is slightly overriding.<br />• The battery does not nearly last for 24 hours if you like to blast music as I do<br />• The speaker can only be paired to one device at a time. If you are listening to music on the computer and the phone tries to connect, the speaker will sometimes disconnect from all devices. The speaker does have an av input one could connect to the computer but obviously, the speaker would no longer be completely portable. This could be a deal breaker for many.<br /><br />After comparing this speaker with others in its price range, I realize that this speaker has such poor sound quality that I could never recommend it to anyone.","完全披露，我必须承认我怀念我的Bose蓝牙音箱。它们的音质无可挑剔。而“Tribit XSound Go蓝牙音箱”的价格只是我的Bose音箱的一小部分。我最初购买了“DOSS Touch无线蓝牙音箱”，价格范围相同；我退回了那个产品，因为它缺乏低音，整体上不令人印象深刻。然而，Tribit对于这么小的音箱来说有足够的低音。讽刺的是，我的问题是高音！我认为这是较小音箱的固有问题，而不是这个特定设备的问题。我在电脑上安装了一个均衡器，这减轻了一些问题，使音箱的声音非常可接受。

优点：
• 音箱声音很大！非常适合在卧室里开派对。我不确定它是否适合大房间或多房间。
• 质量很好，音箱看起来价值百万。
• 它有一个出色的麦克风，可以很好地用于电话通话，甚至与Siri或Cortana互动。
• 播放按钮允许接听、拒绝或结束通话。它还可以播放或暂停歌曲。最后，它允许你向前或向后跳过音乐曲目。

缺点：
• 虽然低音相当令人印象深刻，但高音略微压倒。
• 如果你像我一样喜欢大声播放音乐，电池几乎不能持续24小时。
• 音箱一次只能配对一台设备。如果你在电脑上听音乐，而手机尝试连接，音箱有时会断开所有设备。音箱确实有一个AV输入可以连接到电脑，但显然，音箱将不再完全便携。这对许多人来说可能是一个破坏交易的因素。

在将此音箱与同价位的其他音箱进行比较后，我意识到这个音箱的音质如此之差，我永远不会向任何人推荐它。",,
A35,A,52427,"I was so excited to find this product - exactly what I needed for laptop with crappy sound - super affordable - does not take up precious desk space.  But mine only worked one day!!<br /><br />I tried it on different devices (ipad, iphone) to see if it was just the computer - but it's not. (Reattached my other speakers and they work with the same computer and the devices). I tried it attached and unattached to usb - I unplugged and re-plugged everything - the light is blue, but no sound.  And yes, it is turned on. And yes, my volume is on max. Like I said, it worked fine the first day right out of the package. (So good in fact I had to dig through the wastebasket to find the packaging I threw away thinking I wouldn't need it).  I'm really disappointed.<br /><br />For the day it worked, tho, it was awesome.  Good sound and plenty loud enough.  Sits nicely on the top of the laptop screen and can be moved where you want it.  Does not cover up webcam. (Note: it isn't firmly attached in any way - very loose fit but secure enough unless you move the computer.  I would take them off for that.  You also have to remove it to close the laptop). Only complaint I had (on the first day at least) was a jack cord that was almost too short. I had to move the speaker from the center top to the left end of the screen so the cord would reach the jack.  Not a dealbreaker, though.<br /><br />But not working at all - well that's obviously a dealbreaker.  Sadly returning this.",我非常兴奋地找到了这个产品——正是我需要的，用于声音很差的笔记本电脑——超级实惠——不占用宝贵的桌面空间。但我的只工作了一天！！<br /><br />我在不同的设备上试过（iPad、iPhone），看看是不是只是电脑的问题——但并不是。（重新接上我的其他扬声器，它们在同一个电脑和设备上都能工作）。我试过连接和不连接USB——我拔掉并重新插上所有东西——灯是蓝色的，但没有声音。是的，它已经打开了。是的，我的音量已经调到最大。就像我说的，第一天刚从包装里拿出来时它工作得很好。（事实上好到我不得不翻垃圾桶去找我扔掉的包装，因为我觉得不需要它）。我真的很失望。<br /><br />不过，在它工作的那一天，它太棒了。音质好，音量也足够大。很好地放在笔记本电脑屏幕顶部，可以移动到你想放的地方。不遮挡网络摄像头。（注意：它没有以任何方式牢固连接——非常松，但除非你移动电脑，否则足够安全。我会为此取下它们。你也必须取下它才能合上笔记本电脑）。我唯一的抱怨（至少第一天）是插孔线几乎太短了。我不得不把扬声器从顶部中央移到屏幕左端，这样线才能够到插孔。不过这不是大问题。<br /><br />但完全不能工作——嗯，那显然是大问题。遗憾的是要退货了。,,
A36,A,44282,"Pros:<br />Fairly slim<br />Good sized clock display<br /><br />Cons:<br />The lower end of the volume scale is still way too loud for my small kitchen.<br />It is not super easy to change stations, either by preset or tuning.<br />The Bluetooth feature is a joke. Like virtually useless. I wanted it for talking while cooking or streaming music. It sucks.<br />The antenna does not pick up most local stations unless I physically hold it.",优点：<br />相当轻薄<br />时钟显示屏大小合适<br /><br />缺点：<br />音量刻度的低端对于我的小厨房来说仍然太响了。<br />换台不太容易，无论是通过预设还是调谐。<br />蓝牙功能是个笑话。几乎没用。我想要它来在做饭时通话或流媒体播放音乐。它很糟糕。<br />天线除非我用手拿着，否则收不到大多数本地电台。,,
A37,A,77411,"This is a decent recorder, but the recording quality is pretty tinny. I was surprised that the Lamyik I also tried had better quality despite looking less visually impressive. I'm not affiliated with them in any way, just giving my opinion based on trying both of them. I have two recording examples, I might post them later.",这是一个不错的录音笔，但录音质量相当单薄。我很惊讶，我也试过的Lamyik虽然外观看起来没那么惊艳，但质量更好。我和他们没有任何关系，只是基于试用两者给出我的看法。我有两个录音示例，可能稍后会发布。,,
A38,A,93713,"It works. It’s not complicated. The audio quality could be much better. And in fact there are buttons like this with much better audio quality, but they cost a whole lot more! This is good for situations that don’t involve therapy.",它能用。不复杂。音质本可以好得多。事实上，像这样的按键产品有音质好得多的，但价格贵得多！这适合不涉及治疗的情境。,,
A39,A,74677,"As soon as I plugged the Elac into my amp using an LFE cable and powered it on it made an annoying buzzing sound. No problem as long as music was playing but when idle it really annoyed me, especially since it was in my quiet bedroom. It's too bad because I really like the look of the woofer weave. Returned it and got a 10 inch JBL Stage sub which is fantastic.",当我把 Elac 用 LFE 线插入功放并开机后，它发出了烦人的嗡嗡声。播放音乐时没问题，但在空闲时它真的让我很烦，尤其是因为它放在我安静的卧室里。太可惜了，因为我真的很喜欢那个低音单元编织的外观。我退货了，换了一个 10 英寸的 JBL Stage 低音炮，非常棒。,,
A40,A,26209,This came well packaged and on time.<br /><br />Pros: Sounds great at low to mid volumes. Easy to setup.<br /><br />Cons: The remote is line of sight and has a small window. Volume at movie levels are distorted and not that great. Bangs and Bass sounds are not registered well. Cables are a little short to have a decent setup.<br /><br />Overall Just go with a name brand sound bar subwoofer combo. This is mediocre to ok at best. Save you money for a better quality sound system.,这个产品包装完好，按时送达。<br /><br />优点：在低到中等音量下音质很好。设置简单。<br /><br />缺点：遥控器是视线传输，窗口很小。在电影音量下声音失真，效果不太好。重击声和低音表现不佳。线缆有点短，难以进行合理的布置。<br /><br />总体而言，还是选择知名品牌的条形音箱和低音炮组合吧。这个最多算一般到还行。把钱省下来买更好的音响系统吧。,,
A41,A,27730,"Clipping (AKA crackle) can be heard in loud passages from local FM classical station. It is as if the signal strength is made too strong - but how could that be? Whereas the simple single wire antenna (which just turned up after our latest move) provided with the Sony box works fine. Could it be that the Bingfu antenna overdrives the 75 OHM FM antenna input?  But how could that be? Or perhaps the antenna itself has a weak internal connection that fails to carry the most strong signal? FM is Frequency Modulation, not Amplitude Modulation so the amplitude stays the same, right? So why clipping? OK. You get the idea. This Bingfu goes into the junk box for reuse as... what.",在本地调频古典电台的响亮段落中可以听到削波（又称爆裂声）。就好像信号强度被弄得过强了——但这怎么可能呢？而随索尼盒子附带的简单单线天线（在我们最近搬家后才刚找到）却工作正常。会不会是 Bingfu 天线过驱动了 75 欧姆的 FM 天线输入？但这怎么可能呢？或者天线本身内部连接薄弱，无法承载最强的信号？FM 是频率调制，不是幅度调制，所以幅度保持不变，对吧？那为什么会有削波？好了，你明白意思了。这个 Bingfu 被扔进杂物箱，留作……什么呢。,,
A42,A,82574,"I just got mine, plugged it to charge and it was done in a couple of hours. Assuming they sent it with some battery life as they said it can take up to five hours when it’s dead and mine was done in under three.<br /><br />First, it DOES work with Alexa. I just did it. You download their app and it couldn’t be easier. I was playing music from my Amazon account prior to doing this though. What may confuse people is that you have to hit the bar at the bottom on the app screen after you log into your Amazon account & then she comes to life. She interrupted my music  to tell me the weather as requested and when I asked her to return me to my music, she did. And she did NOT start it. I thought that was cool. I do not use the premium feature on Amazon music either. Just the free version.<br /><br />So far I am pretty impressed with this little speaker. It pairs very readily to an iPhone 11.<br />You can adjust the volume from the speaker, from your phone, or via Alexa. I love having options. I did NOT want to have to go to the speaker every time I wanted to do this.<br /><br />I am not comfortable speaking to sound quality just yet as I haven’t used it enough to do that. I did crank up Fleetwood Mac’s The Chain outside and as it got louder the bass felt a little weak, but honestly, for its size, it was filling up my decent sized yard pretty well & the range was good. I’m heading up north with it in a few days so we’ll see how it does up there and I’ll update! I’m happy I’ll have this with me👍",我刚拿到我的，插上充电，几个小时就充满了。假设他们发货时带了一些电量，因为据说没电时充满需要长达五小时，而我的不到三小时就完成了。<br /><br />首先，它确实能与Alexa配合使用。我刚试过。你下载他们的应用，再简单不过了。不过在此之前，我一直在从我的亚马逊账户播放音乐。可能让人困惑的是，登录亚马逊账户后，你必须点击应用屏幕底部的横条，然后她就活过来了。她按照要求打断了我的音乐来告诉我天气，当我让她恢复我的音乐时，她照做了。而且她并没有重新开始播放。我觉得这很酷。我也没有使用亚马逊音乐的付费功能，只是免费版。<br /><br />到目前为止，我对这个小音箱印象相当深刻。它很容易与iPhone 11配对。<br />你可以从音箱、手机或通过Alexa调节音量。我喜欢有选择。我可不希望每次想调音量都得走到音箱跟前。<br /><br />我还不便评价音质，因为用得还不够多。我确实在户外把Fleetwood Mac的《The Chain》音量调大了，随着音量增大，低音感觉有点弱，但老实说，就它的尺寸而言，它相当好地充满了我中等大小的院子，而且覆盖范围不错。过几天我要带它北上，看看在那里表现如何，我会更新！我很高兴能带上它👍,,
B01,B,95780,Exactly what I needed.  Charges EVERYTHING that requires a charger for me.,正是我需要的。为我给所有需要充电器的东西充电。,,
B02,B,56094,Excellent replacement at a very excellent price,以非常优惠的价格提供了极好的替代品,,
B03,B,26252,"Fits nicely, no visible bubbling, it’s not completely flat but it doesn’t move and it’s easier to type than other brands. It the best one available right now, and inexpensive. I never leave mine on when I close the lid - I’ve heard they can damage screens.",贴合得很好，没有可见的气泡，它不是完全平整但不会移动，而且比其他品牌更容易打字。它是目前能买到的最好的，而且不贵。合上盖子时我从不把它留在上面——我听说它们会损坏屏幕。,,
B04,B,43662,I bought to use during working from home and it was delivered on time!,我买来在家办公时使用，而且它按时送达了！,,
B05,B,1317,"I can get it to come on and the light comes on. It looks great. I cannot get it to connect to my phone to use it as a speaker.  I tried different ways. I will try my husband's phone soon and see if it works with the iphone. I cannot get it to work with my android, which is very unusual.",我能让它开机，灯也亮了。它看起来很棒。我无法将它连接到我的手机来作为扬声器使用。我尝试了不同的方法。我很快会试试我丈夫的手机，看看它是否能与iPhone配合使用。我无法让它与我的安卓手机配合使用，这很不寻常。,,
B06,B,11517,Purchased for my mother who is 89 to help find items she can't find in her home.  Added to her cane so when she has not used it for awhile she can find it by pushing the button and hearing the beep and other items too,为我89岁的母亲购买，帮助她找到在家里找不到的物品。把它加到她的拐杖上，这样当她一段时间没用它时，她可以通过按下按钮听到哔声来找到它，也能找到其他物品。,,
B07,B,33504,Way over priced but totally excellelant performance.,价格过高，但性能完全出色。,,
B08,B,40997,This is a great speaker sounds amazing. But the speaker does not stay charger very long  and i can charge k3t all night and the speaker will still say low babbery after 10 minutes of play.,这是一个很棒的扬声器，音质听起来很棒。但是扬声器充电后不能维持很长时间，我可以给k3t充一整晚电，扬声器播放10分钟后仍然会显示低电量。,,
B09,B,63290,"Repeat customer. They came with the corners bent on one side.... not too bad, but worth a notice. Still able to use them... so I'm happy.",回头客。送来时一侧的角弯了……不算太严重，但值得一提。仍然能用……所以我很满意。,,
B10,B,43357,"so far, I like it. My husband gets a kick out of asking what time and temp is in Hawaii. Or New York. Or any other place. We ask it for the deals and ask it to play music. Even Mikey likes it.",到目前为止，我喜欢它。我丈夫很喜欢问夏威夷、纽约或其他任何地方的时间和温度。我们让它查优惠，还让它播放音乐。连Mikey都喜欢它。,,
B11,B,40222,Only issue is can’t seem to use phone while it’s charging phone freezes up,唯一的问题是，手机充电时似乎无法使用，手机会卡死。,,
B12,B,27488,"I bought this speaker to clip on my backpack while walking and hiking and I've been very happy with it. It's been exposed to heavy rain, sleet and snow for periods of one to three hours at a time during my walks and still works perfectly a year after purchase.",我买这个音箱是为了在散步和徒步时夹在背包上，我一直对它很满意。在我的散步过程中，它曾一次暴露在大雨、雨夹雪和雪中一到三个小时，购买一年后仍然完美工作。,,
B13,B,93390,Durability and used for AirPods (2nd generation).,耐用性以及用于AirPods（第二代）。,,
B14,B,54829,"Good sound for this little radio, love the old style- keeps things live.",这个小收音机的声音不错，喜欢这种老式风格——让事物保持活力。,,
B15,B,40051,"I’m a trucker and my radio in my truck does not have Bluetooth, but it does have an auxiliary jack - which is needed to use this. Pairing was very easy and pairs automatically after setup. Sound quality I think is quite good. I stream Sirius from my phone. Battery seems to last 4 - 5 . It comes with a cig lighter type plug to charge it, but I don’t use it and directly plug in the charging cable to the transmitter so I can leave it in the radio jack. I’m very pleased with this unit.",我是卡车司机，我卡车里的收音机没有蓝牙，但它有一个辅助插孔——使用这个设备需要这个插孔。配对非常简单，设置后会自动配对。我觉得音质相当不错。我从手机流媒体播放Sirius。电池似乎能用4到5小时。它配有一个点烟器式插头来充电，但我不用它，而是直接把充电线插到发射器上，这样我就可以把它留在收音机插孔里。我对这个设备非常满意。,,
B16,B,91225,Such a simple little piece but it makes a big different on my office phones! No fighting with phone handsets to get them untwisted!,这么简单的一个小东西，却对我的办公电话产生了很大的不同！再也不用和电话听筒纠缠着把它们解开缠绕了！,,
B17,B,52317,I recommend this product. Handle gets in the way but it is a great lil vac.,我推荐这款产品。手柄有点碍事，但它是个很棒的小吸尘器。,,
B18,B,6471,easy to setup came in clutch!,很容易设置，来得正是时候！,,
B19,B,77218,"works as expected, fast charges. Not super thick but certainly seems durable enough. Flexible. It's a good mid-length--long enough for most situations but not so long that it gets tangled up or in the way.  No issues, no complaints. Very pleased.",如预期般工作，充电速度快。不是特别粗，但看起来足够耐用。柔韧。长度适中——对大多数情况来说足够长，但不会长到缠结或碍事。没有问题，没有不满。非常满意。,,
B20,B,10083,This is my 3rd one. love it! One on every T.V,这是我的第三个。很喜欢！每台电视上都放一个。,,
B21,B,73181,This device was easy to set up and so far works as described. I can't speak to the battery life yet as I haven't owned it very long. I use it mainly for streaming music from my phone not calls.,这个设备很容易设置，到目前为止按描述正常工作。我还不能评价电池寿命，因为我拥有它的时间还不长。我主要用它从手机流媒体播放音乐，而不是打电话。,,
B22,B,53549,Delivered promptly but was defective. Problem solved quickly.<br /><br />High quality. Excellent product. I would A pay a little more and get a new one if I had it to do again.<br /><br />I did a lot of research and this is the best small radio you can hope to find.,送货及时但有缺陷。问题很快解决。<br /><br />高质量。优秀的产品。如果让我重新选择，我愿意多花一点钱买一个新的。<br /><br />我做了很多研究，这是你能找到的最好的小型收音机。,,
B23,B,55298,I ordered this for a friend<br />so they could enjoy Spanish christian radio.<br /><br />Alexa blessed me with<br />Christian radio 📻.<br /><br />I use my Alexa device daily.,我为朋友订购了这个，这样他们就能享受西班牙语基督教广播。Alexa 让我有幸收听到基督教广播 📻。我每天都使用我的 Alexa 设备。,,
B24,B,63960,"I ordered the wrong part, it arrived as described and im sure if it was correct it would work great.",我订错了零件，它到货时与描述相符，我相信如果型号正确的话它会很好用。,,
B25,B,7120,"Wow, affordable with great sound. Assembly could be improved to last years.",哇，价格实惠，音质很棒。组装可以改进以使用多年。,,
B26,B,84945,"This product is just right for travel.  Motel plug ins are often hard to find and this solves<br />the problem of not enough outlets, plus having 2 USB ports for charging devices.",这款产品非常适合旅行。汽车旅馆的插座常常很难找到，这款产品解决了插座不够的问题，还有2个USB端口可以为设备充电。,,
B27,B,70637,"What I like about the product:<br />- size of a small smartphone<br />- easy to navigate<br />- Good for use if you dont want to waste your phones battery or have your phone tied up listening to music or reading a book<br />- travel friendly<br />- less radiation than other devices<br /><br />dislike:<br />- no wifi or app downloading capabilities (so very limited on how you could add media) I thought i was going to be able to download apps to listen to my music, and read books, but that is not the case unfortunately<br />- not easy to add media (especially if you are not familiar)",我喜欢这个产品的地方：<br />- 小型智能手机的大小<br />- 易于操作<br />- 如果你不想浪费手机电池或让手机被听音乐或看书占用，这个产品很适合使用<br />- 适合旅行<br />- 比其他设备辐射更少<br /><br />不喜欢：<br />- 没有wifi或应用下载功能（所以在添加媒体方面非常有限）我以为能够下载应用来听音乐和看书，但不幸的是并非如此<br />- 添加媒体不容易（尤其如果你不熟悉）,,
B28,B,82283,Good sound just a bit bulkier than I thought.,音质不错，只是比我想象的要笨重一些。,,
B29,B,11697,"This phonograph is so cute, but unfortunately would not pair with my Bose blue tooth speaker which the description purported it would. The sound quality is suitable for kids records, but I'm guessing kids don't play records these days. Wish it had worked out.",这台留声机很可爱，但遗憾的是无法与我的Bose蓝牙音箱配对，而描述中声称可以配对。音质适合儿童唱片，但我猜现在的孩子不玩唱片了。希望它能成功。,,
B30,B,72141,If you are accustomed to using Dragon software you will be more satisfied than if you are new to it. The recorder itself is fine if  a bit low on the volume. Set up and use are not intuitive and are unnecessarily cumbersome. They should be streamlined. A code with which to download the software is included. The software is not foolproof;editing and careful review are still needed.  I have used Dragon software since its inception. I have the regular and legal versions so the set up and use was not as daunting. If they improved the ibtegration and strwamlined the instructions this would be a great product. As it is ir is okay so long as you invest the time in making it work. 3.5 stars,如果你习惯使用Dragon软件，你会比新手更满意。录音器本身还行，就是音量有点低。设置和使用不直观，而且不必要的繁琐。它们应该被简化。包含一个用于下载软件的代码。软件并非万无一失；仍然需要编辑和仔细检查。我从Dragon软件诞生之初就一直在使用它。我有普通版和法律版，所以设置和使用并不那么令人生畏。如果他们改进了集成并简化了说明，这将是一个很棒的产品。事实上，只要你投入时间让它工作，它还是可以的。3.5星。,,
B31,B,6659,"Previously did not give such a good review, but turns out it wasn’t the radio. Anyway I listen to it all day at work in a building that doesn’t allow for good reception. No issues with this radio though. Amazing reception considering. My co worker frequently knocks it to the floor and it still works!<br />Love this little gem.",之前没有给过这么好的评价，但结果发现不是收音机的问题。总之我整天在上班时听它，那栋楼里信号接收不好。不过这台收音机没问题。考虑到这种情况，接收效果惊人。我的同事经常把它撞到地上，它还能用！<br />喜欢这个小宝贝。,,
B32,B,23883,This was purchased as a gift and has been sent to another. Will review when I get information.,这是作为礼物购买的，已经寄给别人了。等我得到信息后会进行评价。,,
B33,B,82347,"Everything started up fast, no hang-up with install.",一切启动都很快，安装没有卡顿。,,
B34,B,49595,Kind of odd and more industrial feeling than I want in my office. Returned it.,有点奇怪，比我在办公室里想要的更有工业感。退掉了。,,
B35,B,64064,"i couldn't justify buying on for $180 since I don't utilize it to its fullest potential, but for $119 refurbished, I love it.",我无法为花180美元买一个找到理由，因为我并没有充分利用它的全部潜力，但花119美元买一个翻新的，我很喜欢。,,
B36,B,52898,"So I was initially using this on my rPi for XBMC and the range was killing me. If I was 10ft away, it was very spotty and laggy. stick my arms out and it worked great--kind of a pain to keep doing.",所以我最初在树莓派上用它来运行XBMC，但信号范围让我很头疼。如果我离10英尺远，信号就非常不稳定且延迟。把手臂伸出去就工作得很好——但一直这样做有点烦人。,,
B37,B,68823,Wanted to love this but it came off my keys and I left it on vacation.  SMH,本来很想喜欢这个，但它从我的钥匙上掉下来了，我度假时把它落下了。唉。,,
B38,B,54131,Perfect in every way,各方面都很完美,,
B39,B,1238,I originally purchased the antenna because of the reviews and they're pretty much spot on. I plugged it in and ran a channel scan and got 75 channels. Amazing!  Truly an amazing little black box.,我最初是因为评论才购买这款天线的，而评论基本上都很准确。我插上电源，运行了频道扫描，收到了75个频道。太棒了！真是一个令人惊叹的小黑盒子。,,
B40,B,7430,"Had to replace Grandsons case, it's a good one.",不得不更换孙子的保护壳，这个不错。,,
B41,B,29239,Precious.  Thank you!,珍贵。谢谢！,,
B42,B,36626,Fast delivery and exactly like described! Will definitely order again!,快速送达，和描述完全一致！肯定会再次订购！,,
B43,B,55829,Works much better than other antennas I've tried.  It's only about $15 more than cheap antennaes and definitely worth it!,比我试过的其他天线好用多了。它只比便宜的天线贵大约15美元，绝对值得！,,
B44,B,34252,Fast delivery. I am very satisfied. Thanks Amazon!,快速送达。我非常满意。感谢亚马逊！,,
B45,B,45934,Useful in the car or house,在车里或家里都很有用,,
B46,B,86356,Not at all what I thought it would be. I needed it to hold my beats head set and other items but it was a no go.,完全不是我想的那样。我需要它来装我的Beats耳机和其他物品，但根本不行。,,
B47,B,97459,My other shower speaker died and wanted to replace it.<br />First thing I noticed is that it doesn't do this loud squeal when I turn it on or off.  Goes on nice and quiet.<br />The sound quality is nice for a shower speaker.<br />Spouse loves it because I can have my music playing while I'm showering or in the bathroom and I don't disturb her by having to have it too loud.<br />So happy that this speaker is much better than the one I used to have.,我另一个淋浴音箱坏了，想换一个。<br />我注意到的第一件事是，开关机时它不会发出那种刺耳的尖叫声。开机时很安静。<br />作为淋浴音箱，音质不错。<br />配偶很喜欢它，因为我可以在淋浴或待在浴室时播放音乐，而且不用把音量开得太大而打扰她。<br />很高兴这个音箱比我以前用的那个好多了。,,
B48,B,70780,"This out door antenna works pretty good. I was surprised by the size of it, but then again I wasn't really sure what to expect. It was easy enough to set up. Others have mentioned needing a cable to run it to, but ours is wifi so all we had to do was plug the cord in, power on and download the app. The app provided pretty basic instructions and what we didn't get from the app we got from the instructions that were provided. We mounted this outside of our back door to extend to the barn/game area. Normally we have a perfect connection and there is a noticeable difference in the connection and the network not coming up and down.<br /><br />I only removed one star due to the instructions. Part were from the app and the other was from the instructions that were provided.",这个户外天线效果相当不错。我对它的尺寸感到惊讶，不过话说回来，我本来也不确定会是什么样。设置起来挺容易的。其他人提到需要一根线缆来连接，但我们的是WiFi的，所以我们只需要插上电源线、开机并下载应用。应用提供了相当基础的说明，应用里没讲到的部分我们从附带的说明书里找到了。我们把它安装在后门外，用来延伸到谷仓/游戏区。通常我们有完美的连接，而且在连接和网络不再时断时续方面有显著差异。<br /><br />我只因为说明书扣了一颗星。一部分来自应用，另一部分来自附带的说明书。,,
B49,B,56578,These promise the reliable quality of Amazon. They don’t disappoint!,这些承诺了亚马逊的可靠品质。它们没有让人失望！,,
B50,B,83856,"Purchased for wife, loves it.",为妻子购买，她很喜欢。,,
